{
"type": "FeatureCollection",
"name": "all_cities_181123",
"crs": { "type": "name", "properties": { "name": "urn:ogc:def:crs:OGC:1.3:CRS84" } },
"features": [
{"type":"Feature","properties":{"r_year_int":1675.0,"r_name":"Церковь Ивана Предтечи под Бором","r_adress":"Пятницкая улица, дом 4/2, строение 8","r_floors":1.0,"city":"old moscow","city_russian":"Москва (старая)","city_english":"Moscow (main)","r_years_str":"1675 г."},"geometry":{"type":"MultiPolygon","coordinates":[[[[37.626273106000056,55.744795535000073],[37.626286553000021,55.744768217000086],[37.626427059000086,55.744789449000031],[37.6264318140001,55.744782708000059],[37.626477674000022,55.744783469],[37.626515696000041,55.744773012000024],[37.626535368000098,55.74475071700008],[37.626531788000072,55.744726739000043],[37.626495745000049,55.744709082000021],[37.626467550000065,55.744705159000034],[37.626470236000046,55.744698869000047],[37.626326055000078,55.744673778000049],[37.626333942000038,55.744650687000039],[37.625960397000021,55.744601221000032],[37.625923597000039,55.744595511000043],[37.625857486,55.744734166000022],[37.625900341000012,55.744741397000027],[37.626273106000056,55.744795535000073]]]]}},
{"type":"Feature","properties":{"r_year_int":1675.0,"r_name":"Церковь Михаила и Федора Черниговских","r_adress":"Черниговский переулок, дом 3","r_floors":1.0,"city":"old moscow","city_russian":"Москва (старая)","city_english":"Moscow (main)","r_years_str":"1675 г."},"geometry":{"type":"MultiPolygon","coordinates":[[[[37.62642892200008,55.744478141000087],[37.626094458000068,55.744450191000055],[37.626088152000044,55.744469957000049],[37.626030808000046,55.744462831000092],[37.62601820800009,55.744505956000076],[37.626069172,55.74450949600007],[37.626056532000042,55.744540047000022],[37.626403735000018,55.744567984000028],[37.626432379000072,55.744562566000049],[37.626454618000032,55.744546376000102],[37.626460894000068,55.744517628000047],[37.626457646000034,55.744497871000092],[37.626444873000011,55.744487106000051],[37.62642892200008,55.744478141000087]]]]}},
{"type":"Feature","properties":{"r_year_int":1600.0,"r_name":"Палаты Макарьевского монастырского подворья","r_adress":"улица Большая Лубянка, дом 16, строение 3","r_floors":3.0,"city":"old moscow","city_russian":"Москва (старая)","city_english":"Moscow (main)","r_years_str":"1600"},"geometry":{"type":"MultiPolygon","coordinates":[[[[37.629236174,55.762961286000078],[37.629232487000024,55.762954284000038],[37.629231213000033,55.762954465000014],[37.629147069000062,55.762799529000034],[37.628930545000102,55.762837389000012],[37.62900652200009,55.762981288000063],[37.629018551000051,55.763004086000088],[37.629030719000099,55.763027131000086],[37.629030733000072,55.76302715700011],[37.629243748000057,55.762987242000051],[37.629230123000077,55.762962280000082],[37.629236174,55.762961286000078]]]]}},
{"type":"Feature","properties":{"r_year_int":1505.0,"r_name":"Архангельский собор","r_adress":"Кремлёвская набережная, домовладение 1, строение 9","r_floors":3.0,"city":"old moscow","city_russian":"Москва (старая)","city_english":"Moscow (main)","r_years_str":"1505—1508 годы"},"geometry":{"type":"MultiPolygon","coordinates":[[[[37.618070893000038,55.750209579000014],[37.618053335000035,55.750196123000066],[37.618072453000075,55.750198798999989],[37.61808837800006,55.750198784000077],[37.618117021000025,55.750191571000066],[37.618132922,55.750183472000053],[37.618144042000011,55.750174480000027],[37.618148785000059,55.75016279900008],[37.618146334000073,55.750142144000037],[37.618138341000076,55.750132271000062],[37.618128765000023,55.750125095000065],[37.618108046000017,55.750119726000037],[37.61808574900008,55.750118849000039],[37.618096769,55.750076625000105],[37.617947038000054,55.750064194000096],[37.61775874600005,55.750044255000034],[37.617766926000101,55.750010476000057],[37.617620372000054,55.749995347000024],[37.61761328200005,55.750020951000053],[37.617610914000082,55.75002769000006],[37.617577069000049,55.750158855000052],[37.617561318000043,55.750216802000089],[37.617538484000065,55.750302599000079],[37.618016340000047,55.750338519000096],[37.61803943000011,55.750338047000064],[37.618055344000055,55.750334439],[37.618068068000049,55.750329038000096],[37.618079191000092,55.750320944000066],[37.618085534000087,55.750311956000068],[37.618087091000106,55.750300279],[37.618082282000024,55.750289505000048],[37.618074295000056,55.750281429000012],[37.618061530000048,55.750273358000086],[37.618045592000094,55.750268882000022],[37.618032849000016,55.750267996000041],[37.61805988100005,55.750254498000096],[37.618067825000011,55.750248203000076],[37.618077326000083,55.750230231000053],[37.618077298000046,55.750221249000077],[37.618070893000038,55.750209579000014]]]]}},
{"type":"Feature","properties":{"r_year_int":1635.0,"r_name":"Патриаршие палаты и церковь Двенадцати апостолов","r_adress":"Кремлёвская набережная, домовладение 1, строение 14","r_floors":4.0,"city":"old moscow","city_russian":"Москва (старая)","city_english":"Moscow (main)","r_years_str":"1635—1656 годы"},"geometry":{"type":"MultiPolygon","coordinates":[[[[37.617445958000111,55.751471926000079],[37.617460550000025,55.751451973000037],[37.617546442000091,55.751469944000071],[37.61764288500008,55.751342222000055],[37.617241596000092,55.751245871000016],[37.617262858000068,55.751219714000072],[37.617149703000067,55.751191350000056],[37.617171764000013,55.751166090000019],[37.617063390000055,55.751138799000017],[37.61704483500008,55.751164774000046],[37.616953346000102,55.751138724000015],[37.616971120000102,55.751117870000016],[37.616840112000013,55.751083594000093],[37.616819155,55.751105170000052],[37.616530682000068,55.751029458000041],[37.616479822,55.750955945000037],[37.616506932000043,55.750861342000071],[37.616447355000069,55.750855561000016],[37.616440578000059,55.750879458000028],[37.616428397000035,55.750878163000031],[37.616411266000085,55.750876342000069],[37.616410599000098,55.750879097000073],[37.616388297000036,55.750971211000014],[37.616404779000057,55.750997691000052],[37.616455632000019,55.751068868000061],[37.616488304000079,55.751077280000089],[37.616462793999986,55.751120956000086],[37.616540085000061,55.751138756000046],[37.616483597000105,55.751208148000032],[37.616599291000028,55.751233996000053],[37.617025581000028,55.75133014500004],[37.616971953000061,55.751397110000042],[37.617261040000102,55.75146383900006],[37.617282930000066,55.751434717000059],[37.617445958000111,55.751471926000079]]]]}},
{"type":"Feature","properties":{"r_year_int":1493.0,"r_name":"Церковь Зачатия Анны, что в Углу","r_adress":"Москворецкая набережная, дом 3","r_floors":1.0,"city":"old moscow","city_russian":"Москва (старая)","city_english":"Moscow (main)","r_years_str":"1493"},"geometry":{"type":"MultiPolygon","coordinates":[[[[37.630993371000059,55.75026882500002],[37.630993341000099,55.750259844000013],[37.63105065900006,55.750256190000066],[37.631047324000086,55.750211285000056],[37.631066397000012,55.750200487000043],[37.63108227400005,55.750186099000075],[37.631085246000097,55.750169929000052],[37.631075637000059,55.750153772000026],[37.631056644000047,55.750141218000053],[37.631034326000091,55.750134056],[37.631015204000036,55.750130484000046],[37.631005523000034,55.750092771000013],[37.630951225000054,55.750094625000017],[37.630951342000039,55.750082051000071],[37.63086839200006,55.75008752800008],[37.630868611000075,55.75010549100007],[37.630766722000047,55.750114581000041],[37.630778012000043,55.75015723200007],[37.630712734000042,55.750161343000066],[37.630719289000112,55.750217023000047],[37.630791734000105,55.750212904000044],[37.630805445000121,55.750265432000063],[37.630865942000078,55.750259979000091],[37.630872366000091,55.750276139000043],[37.630993371000059,55.75026882500002]]]]}},
{"type":"Feature","properties":{"r_year_int":1538.0,"r_name":"Стена Китай-города с нижней частью Варваринской башни,1534-1538гг","r_adress":"Китайгородский проезд, дом 4, сооружение 1","r_floors":2.0,"city":"old moscow","city_russian":"Москва (старая)","city_english":"Moscow (main)","r_years_str":"1538"},"geometry":{"type":"MultiPolygon","coordinates":[[[[37.632817941,55.752021988000074],[37.632299624000083,55.750625261000032],[37.632218758000107,55.750635138000064],[37.632724895,55.752010413000036],[37.632817941,55.752021988000074]]]]}},
{"type":"Feature","properties":{"r_year_int":1648.0,"r_name":"Церковь Николая Чудотворца на Болвановке","r_adress":"Верхняя Радищевская улица, дом 20, строение 2","r_floors":3.0,"city":"old moscow","city_russian":"Москва (старая)","city_english":"Moscow (main)","r_years_str":"1648"},"geometry":{"type":"MultiPolygon","coordinates":[[[[37.652886868000024,55.742888385000086],[37.652893198000051,55.742878587000035],[37.652913562000045,55.742874340000057],[37.65292721800008,55.742865072000015],[37.652932908000061,55.742854287000036],[37.652926331000067,55.742841631000019],[37.652934264000059,55.742834525000049],[37.652932003000046,55.742826175000047],[37.652926408000056,55.742820613000021],[37.652917308000021,55.742814248000059],[37.652907415000044,55.742808871000094],[37.652912951000125,55.742799343000044],[37.652891593000078,55.74279362200005],[37.652883347000085,55.742802164000025],[37.652842544000109,55.742791168000053],[37.652848562000059,55.742782897000055],[37.65280728700008,55.742773338000063],[37.652800312000068,55.742781071000088],[37.652720310000078,55.742762218000081],[37.652726490000063,55.742754666000039],[37.652685058,55.742745466000017],[37.65267856,55.74275337800001],[37.652579121000052,55.742731137000042],[37.652584977000068,55.742722058000041],[37.652559163000028,55.742716881000035],[37.652552825000043,55.742724703000057],[37.65248796500007,55.742709783000066],[37.652493033000084,55.742702771000069],[37.652468494000033,55.742697862000099],[37.652459941000075,55.742709459000082],[37.652467431000012,55.742711156000034],[37.652457936000069,55.742725988000082],[37.65236869700005,55.742706338000055],[37.652314674000067,55.742776014000079],[37.652404081000043,55.742797908000071],[37.652398538000099,55.742805550000043],[37.652424992000114,55.742811624000097],[37.652430852000059,55.742803623000071],[37.652487580000113,55.742815589000053],[37.652482675000037,55.742823409000046],[37.65250944600006,55.742829214000047],[37.65251435200004,55.742821394000039],[37.652608543000071,55.742845079000041],[37.652602687000048,55.742854247000068],[37.652640934,55.742863092000036],[37.652647744000078,55.742853742000094],[37.652728066000087,55.742873043000031],[37.652721731000035,55.742881674000053],[37.652762531000086,55.742891862000072],[37.652769819000092,55.74288269200008],[37.652812371999985,55.742893327000033],[37.652806196000036,55.742901957000072],[37.652828827000057,55.742907588000023],[37.652836753000031,55.742898596000025],[37.652855220000063,55.742897765000059],[37.652873833000051,55.742893969000065],[37.652886868000024,55.742888385000086]]]]}},
{"type":"Feature","properties":{"r_year_int":1679.0,"r_name":"Собор Сретенского монастыря","r_adress":"улица Большая Лубянка, дом 19, строение 1","r_floors":1.0,"city":"old moscow","city_russian":"Москва (старая)","city_english":"Moscow (main)","r_years_str":"1679 г., 1706 г., начало XVIII в."},"geometry":{"type":"MultiPolygon","coordinates":[[[[37.630412762000056,55.765590694000075],[37.630414641000122,55.765580812000024],[37.630410776000048,55.765568242],[37.630397046000027,55.765559454000034],[37.630383319000046,55.765551744000057],[37.630227969000074,55.765545352000082],[37.630223161000096,55.765584787000122],[37.630109398000094,55.765580416000027],[37.62997666700003,55.76557319100008],[37.629892694000034,55.765568519000077],[37.629869952000028,55.765676323000015],[37.629959184000015,55.765681618000016],[37.62994979800002,55.765733722000014],[37.630090010000075,55.765738784000057],[37.630203454000039,55.765742885000087],[37.630377603000028,55.765748988000041],[37.630393673000057,55.765742774000067],[37.630410214000079,55.765734583000039],[37.630415129000014,55.765727393000077],[37.630416065000077,55.765721374000073],[37.630416035000032,55.765712572000048],[37.630411238000093,55.76570709800005],[37.630406285000078,55.765702702000041],[37.63042090800004,55.765692807000072],[37.630425361000022,55.765690287000055],[37.630432516000049,55.765686238000065],[37.63043646800007,55.765676893000013],[37.630438356000077,55.765669706000025],[37.630438336000083,55.765663688000082],[37.630433364000055,55.765653813000036],[37.630428090000109,55.765648879000082],[37.63041675800001,55.76564233400007],[37.630429,55.765635046000057],[37.63043631500009,55.765630817000037],[37.630442017000028,55.765620931000072],[37.6304410320001,55.765612130000108],[37.630435095000081,55.765599472000098],[37.630431426,55.765598039000025],[37.630412762000056,55.765590694000075]]]]}},
{"type":"Feature","properties":{"r_year_int":1500.0,"r_name":"Старый Английский двор","r_adress":"улица Варварка, дом 4А","r_floors":2.0,"city":"old moscow","city_russian":"Москва (старая)","city_english":"Moscow (main)","r_years_str":"около 1500 г"},"geometry":{"type":"MultiPolygon","coordinates":[[[[37.627067380000049,55.75242666],[37.627065114000104,55.752267865000078],[37.627019408000073,55.752268182000073],[37.627019336000011,55.752246177000053],[37.626976661000086,55.752247927000042],[37.62697720600007,55.752268764000085],[37.626927044000048,55.752270073000012],[37.62686653,55.752271034000067],[37.626723205000083,55.752273427000027],[37.626723385000105,55.752329113000023],[37.62675523700009,55.752329080000052],[37.626758730000084,55.752424283000053],[37.626919593000011,55.752428069000089],[37.627067380000049,55.75242666]]]]}},
{"type":"Feature","properties":{"r_year_int":1357.0,"r_name":"Спасский собор Спасо-Андроникова монастыря","r_adress":"Андроньевская площадь, дом 10, строение 5","r_floors":0.0,"city":"old moscow","city_russian":"Москва (старая)","city_english":"Moscow (main)","r_years_str":"Основан в 1357, перестроен после пожара в 1420—1425 годах"},"geometry":{"type":"MultiPolygon","coordinates":[[[[37.67088439300003,55.749202053],[37.670870846000049,55.749199467],[37.670785531000021,55.749208747000075],[37.670685578000047,55.749220921000081],[37.670626051000035,55.749227919000084],[37.670637631,55.749254219000093],[37.670666250000032,55.74931696200008],[37.670677667000064,55.749342364],[37.670748490000094,55.749332746000036],[37.670836501000061,55.749320947000072],[37.670909075000097,55.74931123600004],[37.670922726000114,55.749301158000037],[37.67092714400011,55.749291811000013],[37.670928219000089,55.749282738000019],[37.670924972000059,55.749268461000042],[37.670939107000038,55.749259729000087],[37.670943366000117,55.749250382000056],[37.670940930000015,55.74923969700005],[37.670929588000057,55.749231450000089],[37.670901841000067,55.749222597000042],[37.67088439300003,55.749202053]]]]}},
{"type":"Feature","properties":{"r_year_int":1505.0,"r_name":"Колокольня Ивана Великого","r_adress":"Кремль, дом Б/Н","r_floors":0.0,"city":"old moscow","city_russian":"Москва (старая)","city_english":"Moscow (main)","r_years_str":"1505—1509"},"geometry":{"type":"MultiPolygon","coordinates":[[[[37.61807442,55.751116279000051],[37.618151327000106,55.751006628000049],[37.618253319000047,55.751029883000037],[37.61835473000005,55.750860930000037],[37.618119701000069,55.750816696000058],[37.618113358000059,55.750825683000059],[37.618059723000059,55.750783790000078],[37.618007302000116,55.750774769000067],[37.617990827000035,55.750803885000074],[37.617937930000075,55.750795403000041],[37.617912283000074,55.750845636000058],[37.618012500000084,55.750861707000084],[37.617891897000064,55.751057174000039],[37.617960418000081,55.751071030000027],[37.617946948000096,55.751093048000016],[37.617957304000115,55.751094835000018],[37.617967661000058,55.751096621000016],[37.617989172000101,55.751100643],[37.61807442,55.751116279000051]]]]}},
{"type":"Feature","properties":{"r_year_int":1687.0,"r_name":"Церковь Троицы в Кожевниках","r_adress":"2-й Кожевнический переулок, дом 6","r_floors":2.0,"city":"old moscow","city_russian":"Москва (старая)","city_english":"Moscow (main)","r_years_str":"1685-1687 гг., 1718 г."},"geometry":{"type":"MultiPolygon","coordinates":[[[[37.648028495000055,55.727131013000097],[37.648068252,55.727122433000048],[37.648071452000096,55.727126920000018],[37.648418103000068,55.727045667000027],[37.648437140000098,55.727029477000031],[37.648443439000076,55.727011506000082],[37.648443391000036,55.726998931000068],[37.648430564000115,55.72697379800006],[37.648525947000024,55.726944941000042],[37.648576829000014,55.726932305000034],[37.64858951300009,55.726919716000033],[37.648592635000092,55.726903545000042],[37.648576706,55.726899971000101],[37.648579821000041,55.726882004000089],[37.648551133000062,55.726871260000053],[37.648551031000039,55.726844315000051],[37.648541454000075,55.726837141000026],[37.64852232900008,55.726829979000044],[37.64850004000008,55.72682821000005],[37.648452335000073,55.726839045000062],[37.648341023000071,55.726864328],[37.648334596000048,55.726848169000029],[37.648315429000043,55.72683022800004],[37.648302677000103,55.726824855000068],[37.648270839000091,55.726823097000079],[37.647926557000076,55.726898957000067],[37.647932970000035,55.726911524000045],[37.647888436000066,55.726919212000034],[37.647906866000021,55.726952872000034],[37.647951400000075,55.726945184000044],[37.647958611,55.726958198000027],[37.647825044000065,55.72699069300009],[37.647885956000039,55.727105586000079],[37.648035446000051,55.727074869],[37.648043444000074,55.727085637000101],[37.648003688000038,55.727094218000047],[37.648028495000055,55.727131013000097]]]]}},
{"type":"Feature","properties":{"r_year_int":1593.0,"r_name":"\"Старый\" собор. Трапезная и приделы. Шатровая колокольня","r_adress":"Донская площадь, дом 1, строение 19","r_floors":1.0,"city":"old moscow","city_russian":"Москва (старая)","city_english":"Moscow (main)","r_years_str":"1591-1593 гг., 1678-1679 гг., конец XVII в."},"geometry":{"type":"MultiPolygon","coordinates":[[[[37.602674380000046,55.71394254300003],[37.602295672000047,55.713863818000064],[37.602273506000074,55.713905153],[37.602193913000079,55.713889052000049],[37.602152702000041,55.71394881500003],[37.60223230000004,55.713966712000058],[37.602203793000086,55.714017483000042],[37.602579478000102,55.714095761000067],[37.602607958000114,55.714095737000022],[37.602620662000021,55.714086745000031],[37.60261756900006,55.714059802000037],[37.602633479000076,55.714059789000032],[37.60264937500002,55.714054387000026],[37.602668411000053,55.714032815000074],[37.602674559000064,55.714010804000061],[37.60266813800007,55.713989253000058],[37.602661741000084,55.713976684000038],[37.60268400100005,55.713971277000027],[37.602690496000015,55.71396049300008],[37.602690478000028,55.713953308000065],[37.602674380000046,55.71394254300003]]]]}},
{"type":"Feature","properties":{"r_year_int":1652.0,"r_name":"Церковь Рождества в Путинках","r_adress":"улица Малая Дмитровка, дом 2, строение 2","r_floors":1.0,"city":"old moscow","city_russian":"Москва (старая)","city_english":"Moscow (main)","r_years_str":"1646-1652 гг."},"geometry":{"type":"MultiPolygon","coordinates":[[[[37.607044895000101,55.767109544000064],[37.607117432000067,55.767010233000093],[37.60703341600005,55.766989828000057],[37.607034318000046,55.766969888000041],[37.607026308000066,55.766953907000072],[37.607007951000085,55.766940810000044],[37.606885529000103,55.766916396000049],[37.606828782000051,55.766905577000024],[37.606713537000104,55.766884031000053],[37.606682805000027,55.766948456000051],[37.606663160000089,55.76698898100004],[37.606646999000084,55.767022047000061],[37.606723992000049,55.767037429000013],[37.606703875000015,55.767080200000066],[37.606712003,55.767081360000113],[37.606866764000053,55.767104578000016],[37.606891050000016,55.767071505000033],[37.606938080000091,55.767083140000061],[37.607044895000101,55.767109544000064]]]]}},
{"type":"Feature","properties":{"r_year_int":1561.0,"r_name":"Соборный храм Семи Вселенских Соборов с церковью Даниила Столпника","r_adress":"улица Даниловский Вал, дом 22, строение 2","r_floors":2.0,"city":"old moscow","city_russian":"Москва (старая)","city_english":"Moscow (main)","r_years_str":"1561"},"geometry":{"type":"MultiPolygon","coordinates":[[[[37.631434787000082,55.710781483000062],[37.631438889000059,55.71077123900006],[37.63143882800005,55.710753006000061],[37.631432748000087,55.710742684000103],[37.631450857000097,55.710734670000065],[37.631450579000088,55.71065141000004],[37.63142827600003,55.710642362000051],[37.631438411000026,55.710628609000075],[37.631438358000061,55.710612711000039],[37.631434188000036,55.710602477000087],[37.631424142000071,55.710595571000063],[37.631407888000105,55.710587595000021],[37.631395790000106,55.710585362000067],[37.631040237,55.710587987000018],[37.631024071000084,55.710606237000015],[37.630900941000085,55.710607535000079],[37.630903238,55.710675974000083],[37.630862833000052,55.710677185000073],[37.630862753000038,55.710653203000042],[37.630735483000073,55.710653338000022],[37.630735783,55.710743425000047],[37.630863050000059,55.710742212000049],[37.630862970000052,55.710718231000023],[37.630903378,55.710718188000037],[37.63090963700008,55.710782042000048],[37.631046922000046,55.710779650000099],[37.631059059000052,55.71079329],[37.63142478700005,55.710788319000052],[37.631434787000082,55.710781483000062]]]]}},
{"type":"Feature","properties":{"r_year_int":1680.0,"r_name":"\"Новая\" трапезная","r_adress":"Восточная улица, дом 4","r_floors":3.0,"city":"old moscow","city_russian":"Москва (старая)","city_english":"Moscow (main)","r_years_str":"1677-1680 гг."},"geometry":{"type":"MultiPolygon","coordinates":[[[[37.656893180000033,55.714092896000054],[37.656893841000091,55.714019604000036],[37.656918661000084,55.714019573000016],[37.656918608000105,55.714006459000075],[37.657272613000025,55.714007175000049],[37.657266902000046,55.714011135000106],[37.657263745000066,55.714017426000012],[37.657266168000014,55.714026584000052],[37.657276208000035,55.714030793000042],[37.657285447000078,55.714033386000033],[37.657295472000023,55.714033822000026],[37.657296011000071,55.714049360000033],[37.657595086000079,55.714039996000089],[37.657598808000031,55.714016009000048],[37.657613243000036,55.714005123000028],[37.65761605700007,55.713992814000058],[37.657611719000073,55.713982311000073],[37.657599902000101,55.713971458000053],[37.657579666000068,55.713964119000096],[37.65757572600009,55.713854457000075],[37.657591581000126,55.713840784000084],[37.657597426000095,55.713830448000095],[37.657593246000012,55.713819675000103],[37.657571409000106,55.713809643000047],[37.657566388000049,55.713787465000088],[37.657294928000056,55.713779010000074],[37.657283791000047,55.713779024000075],[37.657273786000097,55.713783618000058],[37.657271261000041,55.71378883000002],[37.657269999000022,55.71379143700004],[37.657271766000108,55.713795746000081],[37.657277671000074,55.713800409000065],[37.657267022000056,55.713803027000047],[37.657261305000048,55.713805549],[37.657255429000031,55.713808341000068],[37.657252421000095,55.713812027000081],[37.657251332000058,55.713818226000051],[37.657252942000063,55.713822984000018],[37.657264426000033,55.713830065000046],[37.657038500000098,55.713829545000081],[37.657039265,55.713742511000063],[37.65661382600004,55.71374161600005],[37.656613289000099,55.713806375000033],[37.656598673000076,55.713811693000061],[37.656596241000095,55.713999684000044],[37.65658653600007,55.713999697000077],[37.656586752000074,55.714014157000044],[37.656619528000071,55.714014205000062],[37.656619654000025,55.714005942000043],[37.65678671100008,55.71400608900008],[37.656786765000057,55.714019471000029],[37.656810948000093,55.714019440000051],[37.656810287000035,55.714092733000044],[37.656833515000102,55.714092703000084],[37.656876951000086,55.714092917000066],[37.656893180000033,55.714092896000054]]]]}},
{"type":"Feature","properties":{"r_year_int":1509.0,"r_name":"Церковь Рождества на Старом Симонове","r_adress":"Восточная улица, дом 6","r_floors":3.0,"city":"old moscow","city_russian":"Москва (старая)","city_english":"Moscow (main)","r_years_str":"1509 г."},"geometry":{"type":"MultiPolygon","coordinates":[[[[37.653962897000028,55.711189825000091],[37.653968936000069,55.711147604000075],[37.654028288000099,55.711150403000062],[37.654026277000057,55.71116495600004],[37.65408196800005,55.711167491000033],[37.654083979000085,55.711152938000076],[37.654138080000074,55.711155386000044],[37.654153800000117,55.711148001000048],[37.654157724000093,55.711134254000029],[37.654171389000084,55.711130015000059],[37.654176942000056,55.711126236000013],[37.654179100000043,55.711108539000094],[37.654216306000102,55.711103104000053],[37.654209566000084,55.711088472000043],[37.654177290000035,55.711093183000052],[37.654164071000025,55.711089517000055],[37.654165573000057,55.711066971000029],[37.654159514000114,55.711063565000067],[37.654149802000063,55.71106160100004],[37.654100632000088,55.711058789000028],[37.65410343500006,55.711043426000039],[37.65404774200006,55.711040263000029],[37.654045097000093,55.711055625000022],[37.653997837000048,55.711052900000048],[37.653982554000017,55.711050404000027],[37.65398860300013,55.711010697000091],[37.653744516000117,55.710999595000025],[37.653739558000076,55.711033552000025],[37.653683071000039,55.711031108000036],[37.653673627000039,55.711097495000047],[37.653730273000086,55.7111000290001],[37.653718968000121,55.711178723000025],[37.653962897000028,55.711189825000091]]]]}},
{"type":"Feature","properties":{"r_year_int":1672.0,"r_name":"Приказные палаты","r_adress":"проспект Андропова, дом 39, строение 3","r_floors":2.0,"city":"old moscow","city_russian":"Москва (старая)","city_english":"Moscow (main)","r_years_str":"1672"},"geometry":{"type":"MultiPolygon","coordinates":[[[[37.669244438000064,55.66731133400004],[37.669031528000104,55.667355907000086],[37.66904481200006,55.66737771500005],[37.668969414000031,55.667397669000074],[37.669008710000107,55.667444949000085],[37.669078872000085,55.667427068000052],[37.669097716000039,55.667448419000024],[37.669115656,55.667444443000072],[37.669130518000074,55.667463823000077],[37.669097814000047,55.66747123300005],[37.669116195000036,55.667495818000042],[37.669148264000043,55.667488588000019],[37.669182311,55.667534708000069],[37.669196536000037,55.66755355100009],[37.669227545000048,55.667595363000039],[37.669243580000085,55.667591928],[37.669248696000054,55.66759901700005],[37.66921821600004,55.667606244000062],[37.669237879000057,55.667633432000038],[37.669268519000084,55.667626384000087],[37.6692902610001,55.667656353000055],[37.669315839000042,55.667691707000067],[37.669285995000074,55.667698933000025],[37.669303899000049,55.667723429000084],[37.669333905000045,55.667716831000057],[37.669366518000103,55.667762055000111],[37.669373073000081,55.667771117000051],[37.669345292000024,55.667777802000032],[37.669363990000122,55.667802297000023],[37.669391297000082,55.667796241000062],[37.669517754,55.667971393000059],[37.66965159400003,55.667942197000045],[37.66964087900007,55.667926493000017],[37.669739469,55.667904172000085],[37.669702663000066,55.667845122000053],[37.669743786000069,55.667836802000046],[37.669729057000069,55.66781158400007],[37.669686821000013,55.66781972600009],[37.669637058000013,55.667740754000107],[37.669522898,55.667763815000086],[37.669501626000084,55.667732228000048],[37.669473635000045,55.66769032200007],[37.669429969000106,55.667624815000089],[37.669402619000039,55.667584075000057],[37.669384706000109,55.667557513000069],[37.669497588000112,55.667532837000032],[37.669442580000108,55.667453603000048],[37.669478142000095,55.667445650000047],[37.669460541999989,55.667418010000077],[37.669423231000088,55.667425696000059],[37.669383895000081,55.667369345000026],[37.669298155,55.667386079000053],[37.669244438000064,55.66731133400004]]]]}},
{"type":"Feature","properties":{"r_year_int":1529.0,"r_name":"Церковь Иоанна Предтечи","r_adress":"проспект Андропова, дом 39, строение 7","r_floors":1.0,"city":"old moscow","city_russian":"Москва (старая)","city_english":"Moscow (main)","r_years_str":"1529 г."},"geometry":{"type":"MultiPolygon","coordinates":[[[[37.668923213000063,55.664080109000047],[37.668919130000077,55.664054427000096],[37.668996333000081,55.664049381000019],[37.669016479000078,55.664041359000059],[37.66902848600003,55.664025355000028],[37.669028442000091,55.664015116000016],[37.669022350000077,55.664002550000077],[37.669002116000044,55.663990093000052],[37.669020172000081,55.663976326000075],[37.6690261460001,55.663961497000074],[37.669018137000108,55.663946688000074],[37.66899584300009,55.663935312000035],[37.669019921000015,55.663918124000077],[37.669021914000055,55.663901055000025],[37.669011680000047,55.663886249000036],[37.668989559000103,55.663878286000049],[37.668901548000036,55.66388253800006],[37.668898253000066,55.663855328000089],[37.668817711000038,55.663860019000033],[37.668820050000043,55.663886513000101],[37.668723142,55.663891226000075],[37.668705052000078,55.663896910000076],[37.668701119000048,55.663906076000067],[37.668665059000034,55.663908551000091],[37.668671379000017,55.66393710500008],[37.668707123000026,55.663935169000041],[37.668711190000039,55.663957259000021],[37.668675130000103,55.663959644000037],[37.668688085000078,55.66401630200005],[37.668723511000067,55.664014187000078],[37.668726611000054,55.664033135000054],[37.668691505,55.664035518000048],[37.668697492999989,55.664060839000058],[37.668732439000038,55.664058096000076],[37.668742311000102,55.664062843000075],[37.668756141000117,55.664064171000021],[37.668839064000068,55.664058938000032],[37.668843779000078,55.664083901000012],[37.668923213000063,55.664080109000047]]]]}},
{"type":"Feature","properties":{"r_year_int":1676.0,"r_name":"Церковь Спаса на Сетуни","r_adress":"Рябиновая улица, дом 18","r_floors":1.0,"city":"old moscow","city_russian":"Москва (старая)","city_english":"Moscow (main)","r_years_str":"1676 г."},"geometry":{"type":"MultiPolygon","coordinates":[[[[37.419652201000098,55.709934631000046],[37.419653325000034,55.709929602000074],[37.419660160000028,55.709932211000101],[37.419667474000072,55.709933922000047],[37.419673835000062,55.709935004000037],[37.419683539000076,55.709935100000052],[37.419692131000033,55.70993447700004],[37.419699611000027,55.709933404000076],[37.419706615000081,55.709931074000046],[37.41971202900006,55.709928473000033],[37.41971856100001,55.709923986000049],[37.4197223890001,55.709919408000061],[37.419724466000076,55.709915098000089],[37.419725908000025,55.709909979],[37.41972512100002,55.709905937000016],[37.419723061000127,55.709902073000102],[37.419720362000078,55.709899377000092],[37.419714964,55.70989416400004],[37.419720215000041,55.709893359000041],[37.419733903000036,55.709890224999988],[37.419739636000031,55.709887444000032],[37.419745371000033,55.70988349600001],[37.419749834000065,55.709879277000049],[37.419753192000051,55.709871016000058],[37.419753199000084,55.70986724400008],[37.419752252000073,55.709863920000082],[37.419750192000073,55.709859787000013],[37.419747177000033,55.709856282000025],[37.419742094000043,55.709852417000064],[37.419675184000035,55.709820847000053],[37.419699877000063,55.709804157000079],[37.419655217000056,55.709783110000011],[37.419630525000031,55.709799890000085],[37.419577442000026,55.709774886000048],[37.419624278000114,55.709743301000081],[37.419485850000036,55.709678092000054],[37.41947358300007,55.709686437000059],[37.419390145000094,55.709647221000068],[37.419321324000052,55.709693791000056],[37.419282228000071,55.709675353000087],[37.419217071000084,55.709719500000034],[37.419256327,55.709737939],[37.41918750600005,55.709784419000087],[37.419271103000028,55.709823814000089],[37.419256446000091,55.709833774000074],[37.419394556000064,55.709898803000044],[37.419428967000073,55.70987547400005],[37.419481891000068,55.709900388000051],[37.419458314000025,55.709916270000093],[37.419502337000075,55.709937047000047],[37.419525915000051,55.709921075000047],[37.419578998000041,55.709946169000034],[37.419585196000106,55.709949047000087],[37.419592350000038,55.709951567000061],[37.419600937000055,55.709953189000046],[37.419607777000095,55.709953463000012],[37.419617004000074,55.709953200000029],[37.419628145000019,55.709951141000026],[37.419635149000072,55.709948990000051],[37.419641360000092,55.709945761000021],[37.419646458000059,55.70994199200004],[37.41965012500004,55.709938402000063],[37.419652201000098,55.709934631000046]]]]}},
{"type":"Feature","properties":{"r_year_int":1644.0,"r_name":"Церковь Троицкая","r_adress":"Мосфильмовская улица, дом 18А","r_floors":5.0,"city":"old moscow","city_russian":"Москва (старая)","city_english":"Moscow (main)","r_years_str":"1644 г."},"geometry":{"type":"MultiPolygon","coordinates":[[[[37.521718242000055,55.722102259000032],[37.521726178000051,55.722063546000065],[37.521772806000087,55.722066951000066],[37.521794926000034,55.722066947],[37.521809088000047,55.722065777000061],[37.52181958900011,55.722062003000076],[37.521825952000015,55.722057331000016],[37.521830245000068,55.722049786000063],[37.521827215000044,55.722039547000065],[37.521820528,55.72203191400007],[37.521815114000042,55.72202589700003],[37.521837389000048,55.72201897700009],[37.521855519000077,55.721998496000033],[37.521859652000025,55.721991669],[37.521859644000074,55.721976759000029],[37.521851522000105,55.721964276000037],[37.521823186000027,55.721946048000042],[37.52183941400007,55.721940297000053],[37.52184927800009,55.721935176000059],[37.521854208,55.721930504000092],[37.521857706000013,55.721925384],[37.521857544000085,55.721919726000039],[37.521855314000028,55.721915954000046],[37.521851493000071,55.721912451000016],[37.521845923000107,55.721910746000034],[37.52183732900005,55.721909490000023],[37.52175648700009,55.721906091000065],[37.521758545000075,55.721887858000066],[37.521666562000092,55.721881047000075],[37.521670530000087,55.721862185000084],[37.521628199000041,55.721859318000057],[37.52162407200003,55.721877911000071],[37.521556437000115,55.721873073000054],[37.521550883000053,55.721900468000094],[37.521542312000093,55.721942594000055],[37.521493775000053,55.721939548000101],[37.521442213000093,55.721936054000096],[37.521382536000019,55.72193238200002],[37.5213845970001,55.721917562000044],[37.521265399000043,55.721906175000058],[37.521261906000056,55.721920996000058],[37.521245197000063,55.721920190000084],[37.521200638000074,55.721917593000065],[37.521192702000064,55.72195639600006],[37.52123917100009,55.72195926200007],[37.521253334000015,55.721960068000044],[37.521249206000086,55.721978032000052],[37.521376519000071,55.721988250000017],[37.521380172000079,55.721975764000049],[37.521539632000056,55.721988311000111],[37.521517407000076,55.722087653000081],[37.521718242000055,55.722102259000032]]]]}},
{"type":"Feature","properties":{"r_year_int":1684.0,"r_name":"Церковь Рождества в Бутырской Стрелецкой слободе","r_adress":"Большая Новодмитровская улица, дом 23, строение 9","r_floors":0.0,"city":"old moscow","city_russian":"Москва (старая)","city_english":"Moscow (main)","r_years_str":"1682-1684 гг."},"geometry":{"type":"MultiPolygon","coordinates":[[[[37.584905244000019,55.801183227000067],[37.584908375000055,55.801156280000058],[37.584965784000083,55.80115848600007],[37.584988446000082,55.80094650400008],[37.584994676000093,55.800878239000063],[37.584972352000129,55.800878255000072],[37.58497547900005,55.800849511000081],[37.585010563000012,55.800851283000036],[37.585019970000097,55.800777627000066],[37.584984886000051,55.800775855000033],[37.584987986000044,55.800734538000036],[37.584700146000046,55.800723957000088],[37.584553436000078,55.800718669000055],[37.584422675000042,55.800715165999989],[37.584416386000022,55.80075648600009],[37.584400703000057,55.800878646000086],[37.584385075000071,55.801025956000061],[37.584401021000076,55.801025945000042],[37.584388550000071,55.801158433000097],[37.584426823000058,55.801160203000059],[37.584426842000063,55.801169184000059],[37.584497007000053,55.801170933000023],[37.584500150000046,55.801149375000101],[37.584630912000094,55.801152878000046],[37.584627770000097,55.801174436000068],[37.584905244000019,55.801183227000067]]]]}},
{"type":"Feature","properties":{"r_year_int":1682.0,"r_name":"Тихвинская церковь","r_adress":"проспект Мира, дом 130","r_floors":3.0,"city":"old moscow","city_russian":"Москва (старая)","city_english":"Moscow (main)","r_years_str":"1676-1682 гг."},"geometry":{"type":"MultiPolygon","coordinates":[[[[37.644295129000099,55.81827075100005],[37.644282221,55.818231247000035],[37.644550857000084,55.818186025000067],[37.644569974000035,55.818178817000046],[37.644585866000057,55.818162632000089],[37.644576242000056,55.818148272000037],[37.64456026900011,55.818142902000019],[37.644534732000068,55.818139339000012],[37.64455463300002,55.818128538000053],[37.644560960000042,55.818114160000015],[37.644554526000064,55.818099797000052],[37.644516207000052,55.81809086],[37.644538507000092,55.818081853000088],[37.644544855000035,55.818072864000051],[37.64453522400008,55.818056708],[37.644516048000042,55.818047749000073],[37.644477768000023,55.818049590000015],[37.644218683000041,55.818088963000037],[37.644202598000035,55.818053056000046],[37.643911629000094,55.818098303000042],[37.643940608000058,55.818170123000101],[37.643856904000039,55.818182795000034],[37.64385047600009,55.818170228000042],[37.643831353000031,55.818175639000039],[37.643818637000074,55.818188228000039],[37.643818690000039,55.818202599000053],[37.643684767,55.818224311000044],[37.643694418000045,55.818245855000022],[37.643704076000027,55.818269196000088],[37.643863516000096,55.818245658000066],[37.643844419000061,55.818258255000039],[37.643854232000031,55.81828051800003],[37.643892337000054,55.818274366000097],[37.643882699000081,55.818256414000082],[37.643959238000029,55.81824734300006],[37.643991402000012,55.818317362000052],[37.644295129000099,55.81827075100005]]]]}},
{"type":"Feature","properties":{"r_year_int":1485.0,"r_name":"Церковь Спаса Преображения на Болвановке","r_adress":"2-й Новокузнецкий переулок, дом 10, строение 1","r_floors":1.0,"city":"old moscow","city_russian":"Москва (старая)","city_english":"Moscow (main)","r_years_str":"1485 г., 1722 г."},"geometry":{"type":"MultiPolygon","coordinates":[[[[37.631722603000057,55.734588296000055],[37.631782084000037,55.734572245000031],[37.631802199000063,55.734541955000054],[37.631779971000078,55.734511800000085],[37.631706060000013,55.734497329000042],[37.631712076000056,55.734487352],[37.631662539000011,55.734478244000051],[37.631619054000076,55.734470027000079],[37.631564420000075,55.734460116000051],[37.631511251000049,55.734554840000023],[37.631655881,55.734581541000047],[37.631659364000036,55.734575789000075],[37.631722603000057,55.734588296000055]]]]}},
{"type":"Feature","properties":{"r_year_int":1682.0,"r_name":"Задние ворота дворца Алексея Михайловича","r_adress":"городок имени Баумана, дом 2, строение 6","r_floors":1.0,"city":"old moscow","city_russian":"Москва (старая)","city_english":"Moscow (main)","r_years_str":"1679-1682 гг."},"geometry":{"type":"MultiPolygon","coordinates":[[[[37.759314510000031,55.792494117000039],[37.75927659600007,55.792330192000044],[37.75927611300002,55.79232938500008],[37.759212033000011,55.792042106000075],[37.759028786,55.792055066000067],[37.759063775000065,55.792210914000044],[37.759143289000058,55.792205358000047],[37.759173021000059,55.792337595000035],[37.759173977000032,55.792337504000038],[37.759209134000052,55.792494339],[37.759232377000011,55.792585634000027],[37.759153825000105,55.792592087000067],[37.75918731200003,55.79273769900005],[37.759260130000023,55.792731887000095],[37.759335975000035,55.79272571000007],[37.759348085000099,55.792724786000051],[37.759361309000042,55.792723680000066],[37.759371347000048,55.792722761000078],[37.759314510000031,55.792494117000039]]]]}},
{"type":"Feature","properties":{"r_year_int":1682.0,"r_name":"Передние ворота дворца Алексея Михайловича","r_adress":"городок имени Баумана, дом 2, строение 14","r_floors":2.0,"city":"old moscow","city_russian":"Москва (старая)","city_english":"Moscow (main)","r_years_str":"1679-1682 гг."},"geometry":{"type":"MultiPolygon","coordinates":[[[[37.763294794000011,55.792350587000016],[37.763442489000084,55.792337427000071],[37.763371840000026,55.792073517000084],[37.763311006000045,55.791846321000072],[37.763200272000091,55.791855719000047],[37.76324391900004,55.792016398000023],[37.763246122000055,55.792035794000078],[37.763244135000051,55.792048372000053],[37.763234024000049,55.792062046000062],[37.763211965000039,55.792077003],[37.763181605000042,55.79209018100002],[37.763048089000065,55.792101873000021],[37.763039962000079,55.792102429000067],[37.763063331000069,55.792187346000055],[37.763145862000037,55.792180074000044],[37.763171188000079,55.792271543000034],[37.763085151000084,55.792279092000051],[37.763109654000054,55.79236661100007],[37.763294794000011,55.792350587000016]]]]}},
{"type":"Feature","properties":{"r_year_int":1679.0,"r_name":"Мостовая башня","r_adress":"городок имени Баумана, дом 1, строение 4","r_floors":4.0,"city":"old moscow","city_russian":"Москва (старая)","city_english":"Moscow (main)","r_years_str":"1671-1679 гг."},"geometry":{"type":"MultiPolygon","coordinates":[[[[37.765446046000122,55.790874141000039],[37.765441764000023,55.790853942000034],[37.765691728000057,55.790830589000038],[37.765642053000086,55.790675583000031],[37.765521125000028,55.790685544000063],[37.765360845000075,55.790699002000061],[37.765379492000108,55.790768840000069],[37.765383094000057,55.790782754000091],[37.765402892000083,55.790857707999983],[37.765408468000075,55.790857157000083],[37.765413228000106,55.790877355000099],[37.765446046000122,55.790874141000039]]]]}},
{"type":"Feature","properties":{"r_year_int":1679.0,"r_name":"Покровский собор","r_adress":"городок имени Баумана, дом 1","r_floors":5.0,"city":"old moscow","city_russian":"Москва (старая)","city_english":"Moscow (main)","r_years_str":"1671-1679 гг."},"geometry":{"type":"MultiPolygon","coordinates":[[[[37.765274505000029,55.791412962000024],[37.765302843000015,55.79140742200012],[37.765322116000057,55.791404866],[37.765329124000054,55.791403953000057],[37.765345359000023,55.79140023500004],[37.765353476000044,55.791398242000042],[37.765364610000049,55.791394535000052],[37.765381630000014,55.791389020000025],[37.76540814,55.791395789000035],[37.765442476000047,55.791404876000072],[37.765466696000061,55.79137976500003],[37.765442259000039,55.791372902000013],[37.765458171000056,55.791321582000087],[37.765440976,55.791324763000027],[37.765337608000053,55.791150741000067],[37.765352254000035,55.791147835000046],[37.765298805000064,55.791117772000064],[37.765304769000025,55.791104017000031],[37.765242081000025,55.791098494],[37.765239575000059,55.791105056000021],[37.765234098000064,55.791120157000087],[37.765221983000082,55.791120183000018],[37.765207803000067,55.791121381000018],[37.765182467000066,55.791123142000068],[37.765173384,55.791123701000039],[37.765157299000101,55.791126071000072],[37.765106179,55.791133815000094],[37.765120533000079,55.791158304000092],[37.764744307000022,55.791228452000034],[37.764777206000041,55.791284247000085],[37.764783336000065,55.79129492200007],[37.764790432,55.791307032000063],[37.764795108,55.791314836],[37.764830909000089,55.79137538600002],[37.764835586000117,55.791383369000052],[37.764841232000073,55.791393058000047],[37.764847361000065,55.791403553000073],[37.764847845000048,55.791404450000059],[37.764884133000123,55.791466256],[37.765265306000082,55.79139645600003],[37.765274505000029,55.791412962000024]]]]}},
{"type":"Feature","properties":{"r_year_int":1676.0,"r_name":"Рождественская церковь. Колокольня","r_adress":"Измайловский проезд, дом 28","r_floors":1.0,"city":"old moscow","city_russian":"Москва (старая)","city_english":"Moscow (main)","r_years_str":"1676 г., I половина XVIII в."},"geometry":{"type":"MultiPolygon","coordinates":[[[[37.769875403000093,55.800916440999977],[37.769873244000017,55.80090387100001],[37.769865049,55.800894818000074],[37.769856885000024,55.800890255000034],[37.769877057000024,55.800878804000028],[37.769891170000086,55.80086736600002],[37.76989522100012,55.800853705000058],[37.769895166000047,55.800845712000047],[37.769890949000057,55.800835392000046],[37.769878752000054,55.800824102000043],[37.769860511000076,55.80081498100003],[37.769868572000028,55.800804724000059],[37.769872417,55.800784148],[37.769868367000072,55.800774995000019],[37.769858115000076,55.800768192000056],[37.769436862000127,55.800772527000028],[37.769384401000011,55.800772552000097],[37.769384321000089,55.80078404900005],[37.769386693000065,55.800827425000072],[37.76929358700005,55.800829874000058],[37.769294146000107,55.800910887000065],[37.769328428000065,55.800910812000033],[37.769332936000119,55.80096325500007],[37.769774426000026,55.800956631000098],[37.769774394000059,55.800952050000014],[37.769847249000044,55.800949555000038],[37.76986139300007,55.800942698000028],[37.769873417000092,55.800929020000076],[37.769875403000093,55.800916440999977]]]]}},
{"type":"Feature","properties":{"r_year_int":1627.0,"r_name":"Церковь Покрова в Рубцове","r_adress":"Бакунинская улица, дом 83Б, строение 3","r_floors":1.0,"city":"old moscow","city_russian":"Москва (старая)","city_english":"Moscow (main)","r_years_str":"1619-1627 гг."},"geometry":{"type":"MultiPolygon","coordinates":[[[[37.695452164000066,55.781563666000061],[37.695436146000105,55.78154752400004],[37.695448878000036,55.781543912000075],[37.69546157400007,55.781533113000101],[37.695462317000057,55.781522334000044],[37.695442339000039,55.781511139000067],[37.695302035000104,55.781500583000067],[37.695298901000044,55.781511366000089],[37.695184115000046,55.781504363000089],[37.695180972000031,55.781513350000061],[37.69507256,55.781506336000056],[37.695060070000096,55.781558449000045],[37.694999487000103,55.781554504000077],[37.694990202000028,55.781610205000042],[37.695053973000043,55.781614145000034],[37.695044715000023,55.781675236000098],[37.695127617000054,55.781680493000067],[37.695127671000115,55.781691271000078],[37.695245628000066,55.78169467700009],[37.695245681000046,55.781705455000051],[37.695395516000104,55.781709259000095],[37.695414605000018,55.781702043000024],[37.695424096000046,55.781687658000052],[37.695424033000023,55.781675083000053],[37.695414381000077,55.781657135000017],[37.695416129000073,55.781656145000063],[37.695427095000099,55.781649930000093],[37.695433425000061,55.781640938000074],[37.695433335000097,55.781622975000055],[37.695449228000022,55.781613968000066],[37.695452353000029,55.781601389000045],[37.695452299000053,55.781590611000084],[37.695436307000115,55.781579858000057],[37.695452200000055,55.781570851000033],[37.695452164000066,55.781563666000061]]]]}},
{"type":"Feature","properties":{"r_year_int":1672.0,"r_name":"Церковь Владимирская","r_adress":"Новогорская улица, дом 37, строение 1","r_floors":0.0,"city":"old moscow","city_russian":"Москва (старая)","city_english":"Moscow (main)","r_years_str":"1672 г."},"geometry":{"type":"MultiPolygon","coordinates":[[[[37.380612835000122,55.889759500000061],[37.380638271000052,55.889751531000037],[37.380654617000083,55.889737267000051],[37.380664754000101,55.889715002000052],[37.380661772000025,55.889697396000066],[37.380650639000038,55.889679691000048],[37.38062639400006,55.889664219000096],[37.380593966000042,55.889659068000057],[37.380473143000103,55.889658951000087],[37.380473174000059,55.889648712000017],[37.380351392000044,55.889648593000054],[37.380351371000032,55.889655419000043],[37.380293517000041,55.889655363000031],[37.380293430000094,55.889683295000033],[37.380206169000047,55.889683210000037],[37.380206245000046,55.889658691000044],[37.380149349000114,55.889658635000053],[37.380149273000043,55.88968315500005],[37.380121465000045,55.889683127000076],[37.380121717000115,55.889756686000069],[37.380261720000121,55.889756553000055],[37.38030838800006,55.889756329000058],[37.380308315,55.88978004100008],[37.380432176000099,55.889779802000085],[37.38043222800006,55.889763007000049],[37.380526682000031,55.889762829000105],[37.380576388000044,55.889762339000086],[37.380612835000122,55.889759500000061]]]]}},
{"type":"Feature","properties":{"r_year_int":1672.0,"r_name":"Церковь Покрова","r_adress":"улица Саломеи Нерис, дом 4, корпус 2","r_floors":1.0,"city":"old moscow","city_russian":"Москва (старая)","city_english":"Moscow (main)","r_years_str":"1672 г."},"geometry":{"type":"MultiPolygon","coordinates":[[[[37.40196218800007,55.854153451000073],[37.402014435000098,55.854140380000068],[37.402023027000062,55.854152063000093],[37.402091089000045,55.854136130000043],[37.402099682,55.854147543000074],[37.402266480000037,55.85410860700005],[37.402255977000067,55.854094587000048],[37.402311256000047,55.854081788000023],[37.402273383000093,55.854030742000084],[37.402313484000089,55.854021343000035],[37.402306323000033,55.854011638000024],[37.402342910000122,55.854003134000024],[37.402358095000061,55.853996859000056],[37.402367226000045,55.853984921000077],[37.402365189000072,55.853969561000049],[37.402341956000065,55.853938107000019],[37.40232775900008,55.853932437000061],[37.402308607000059,55.853929279000035],[37.402267546000076,55.853938946],[37.402260862000034,55.853930049000027],[37.401987019000018,55.853994857000053],[37.402040482000046,55.854068818],[37.401973061000042,55.854084392000068],[37.401997885000043,55.85411782300006],[37.40194499800004,55.854131702000053],[37.40196218800007,55.854153451000073]]]]}},
{"type":"Feature","properties":{"r_year_int":1679.0,"r_name":"Церковь Григория Неокессарийского","r_adress":"улица Большая Полянка, дом 29А","r_floors":2.0,"city":"old moscow","city_russian":"Москва (старая)","city_english":"Moscow (main)","r_years_str":"1667-1679 гг., арх-ры Карп Губа, Иван Кузнечик, братья Григорьевы"},"geometry":{"type":"MultiPolygon","coordinates":[[[[37.619262428000106,55.737704802000088],[37.619313793000053,55.737633976000055],[37.619594985000013,55.737702144000096],[37.61960914100009,55.737698178000045],[37.619623280000091,55.737688464000016],[37.619626267000086,55.737675887000101],[37.619622257000088,55.737666191000066],[37.619646441000036,55.737661587000019],[37.61966455400006,55.737649623000067],[37.619671688000082,55.737639916],[37.619671646000064,55.737626264000014],[37.619662525000031,55.737610824000065],[37.619675560000097,55.737604524000055],[37.61968572200005,55.737595982000087],[37.619685693000093,55.737586282000059],[37.619681521000061,55.737575418000056],[37.619427588000107,55.737519259000081],[37.619462926000061,55.737465604000043],[37.619201356000112,55.737410260000033],[37.619092714000018,55.737387282000064],[37.619045380000081,55.737475169000056],[37.618991218000076,55.737463635000054],[37.618960155000011,55.737457108000065],[37.618949062000119,55.737473915000102],[37.618916104,55.73752505300007],[37.618945735000082,55.737531670000067],[37.619036526000095,55.737547570000039],[37.618986190000079,55.737642825000044],[37.619262428000106,55.737704802000088]]]]}},
{"type":"Feature","properties":{"r_year_int":1672.0,"r_name":"Церковь Николы в Пыжах с шатровой колокольней","r_adress":"улица Большая Ордынка, дом 27А/8, строение 1","r_floors":2.0,"city":"old moscow","city_russian":"Москва (старая)","city_english":"Moscow (main)","r_years_str":"1672 г."},"geometry":{"type":"MultiPolygon","coordinates":[[[[37.624800842000077,55.738975801000024],[37.625138141000036,55.738959292000054],[37.625138188000065,55.738973752000021],[37.625243238000095,55.738966370000057],[37.625259101000076,55.738948391000058],[37.625252687000099,55.738934026000038],[37.625224133000103,55.738916092000082],[37.625249377000053,55.73889451000008],[37.625249479000068,55.738876547000075],[37.625220612000078,55.738860499000054],[37.62523329000004,55.738842432000091],[37.625220497000086,55.738824482000069],[37.625198335000043,55.738814176000091],[37.625112692000052,55.73881695700004],[37.625112262000052,55.738831777000023],[37.625004010000033,55.738833684000078],[37.625020692000071,55.73882297800003],[37.625026861000087,55.738810218000019],[37.625027128000049,55.738794140000032],[37.625014827,55.738781040000049],[37.625002703000071,55.738773058000028],[37.624984530000035,55.738765622000074],[37.62496429500009,55.738760523000025],[37.624943116000054,55.738758838000095],[37.62494196500009,55.738747432000075],[37.624747769000031,55.738757149000044],[37.624726620000047,55.738765165000054],[37.624707075000103,55.73877677100009],[37.624691687000059,55.738794031000054],[37.62468856600006,55.738813794000073],[37.624707418000064,55.738834613000066],[37.624732285000086,55.73884446700005],[37.62476844800004,55.738851976000035],[37.624794091000105,55.738855452000031],[37.624795769000052,55.738882396000051],[37.62479899300007,55.738945265000012],[37.624800842000077,55.738975801000024]]]]}},
{"type":"Feature","properties":{"r_year_int":1661.0,"r_name":"Собор Заиконоспасского монастыря","r_adress":"Никольская улица, дом 7-9, строение 3","r_floors":1.0,"city":"old moscow","city_russian":"Москва (старая)","city_english":"Moscow (main)","r_years_str":"1660-1661 гг., перестройка 1715 г., восстановление 1742 г."},"geometry":{"type":"MultiPolygon","coordinates":[[[[37.620526350000077,55.756527898000044],[37.620575799000079,55.756551831000074],[37.62060886200004,55.756530242000061],[37.620911154000034,55.756681288000046],[37.620962022000057,55.756648904000038],[37.620997913000103,55.756666383000024],[37.621024993,55.756667254],[37.62103613600005,55.756665447000039],[37.621052042000038,55.756658246000036],[37.621056784000082,55.756646565000047],[37.621095002000096,55.756643833000041],[37.621110904000062,55.756635734000028],[37.621114076000033,55.756631240000054],[37.621114045000063,55.756621360000025],[37.621107649000095,55.756613283],[37.621121956000053,55.756604287000101],[37.621125108000093,55.75659350600003],[37.621118718000055,55.756587225000054],[37.620952006000046,55.756499817000091],[37.620971568000058,55.756490457000034],[37.620809004000073,55.756405380000018],[37.620660519000076,55.756495432000051],[37.620614419000042,55.756472844],[37.620526350000077,55.756527898000044]]]]}},
{"type":"Feature","properties":{"r_year_int":1564.0,"r_name":"Церковь Косьмы и Дамиана в Старых Панах","r_adress":"Старопанский переулок, дом 4, строение 2","r_floors":6.0,"city":"old moscow","city_russian":"Москва (старая)","city_english":"Moscow (main)","r_years_str":"1564 г., 1640 г., 1803 г."},"geometry":{"type":"MultiPolygon","coordinates":[[[[37.626123347000068,55.756006300000074],[37.626031989000069,55.755976933000049],[37.625968488000112,55.756041756000052],[37.62591451600008,55.756097947000065],[37.625908168000066,55.756105049000055],[37.626041178000058,55.756159971000073],[37.626089982000067,55.756180399000094],[37.626223314000107,55.756038262000082],[37.626123347000068,55.756006300000074]]]]}},
{"type":"Feature","properties":{"r_year_int":1515.0,"r_name":"Церковь Ильи Пророка на Воронцовом поле","r_adress":"улица Воронцово Поле, дом 16, строение 13","r_floors":3.0,"city":"old moscow","city_russian":"Москва (старая)","city_english":"Moscow (main)","r_years_str":"1514-1515 гг., 1665 г., XIX в."},"geometry":{"type":"MultiPolygon","coordinates":[[[[37.65500216600006,55.753976904000069],[37.655005003,55.75388888],[37.655116494000033,55.753890535999986],[37.655247096000053,55.753891719000073],[37.65524980200005,55.753770911000032],[37.655166984000019,55.753770566000085],[37.655119203000012,55.753770177000028],[37.655061867000065,55.753769801000018],[37.655061740000107,55.753737916],[37.654994843000068,55.753736203000081],[37.65499473600002,55.753709258000058],[37.654856644000049,55.753706558000019],[37.6548577350001,55.753700449000036],[37.65467298300004,55.753698885000055],[37.654673004000045,55.753704274000043],[37.654580630000055,55.75370394100004],[37.654580802000041,55.753747502000046],[37.654504354000068,55.75374714900007],[37.654500990000038,55.753903884000081],[37.6545774370001,55.753903788000052],[37.654577607000071,55.753946900000052],[37.654667591000077,55.753946787000096],[37.654667934000024,55.753953074000066],[37.65484073600004,55.753952946],[37.654839589000098,55.753944864000083],[37.654900109000067,55.753944698000083],[37.654900237000028,55.753977032000094],[37.65500216600006,55.753976904000069]]]]}},
{"type":"Feature","properties":{"r_year_int":1674.0,"r_name":"Церковь Трех Святителей на Кулишах","r_adress":"Малый Трёхсвятительский переулок, дом 4/6, строение 5","r_floors":2.0,"city":"old moscow","city_russian":"Москва (старая)","city_english":"Moscow (main)","r_years_str":"1670-1674 гг., начало XIX в."},"geometry":{"type":"MultiPolygon","coordinates":[[[[37.644720088000028,55.75424880300006],[37.644834365000037,55.754228280000085],[37.644892936000076,55.754217882000013],[37.644921551000081,55.754203388000064],[37.644927855000084,55.754185417000016],[37.644927815000074,55.754174639],[37.644921405000048,55.754163958000035],[37.644883141,55.754153135000081],[37.644886267000018,55.754136965],[37.644876651000061,55.754120899000064],[37.644863877000013,55.754111842000064],[37.64484793,55.754106472000061],[37.644828819000082,55.754106494000027],[37.644793794000037,55.754110128],[37.644775171000013,55.754113204000078],[37.64465993200001,55.754132021000018],[37.644517158000092,55.754155451000024],[37.64441863200009,55.754171554000038],[37.64442840600006,55.754187620000039],[37.644341037000068,55.754205866000071],[37.644373088000073,55.75425971800005],[37.644462224000065,55.754245243000078],[37.644480974000039,55.754276837000077],[37.644510302000072,55.754326112000079],[37.644601182000038,55.75430965900005],[37.644720392000075,55.754288052000057],[37.644701147999989,55.754252148000063],[37.644720088000028,55.75424880300006]]]]}},
{"type":"Feature","properties":{"r_year_int":1653.0,"r_name":"Церковь Успения на Могильцах","r_adress":"Большой Власьевский переулок, дом 2/2","r_floors":1.0,"city":"old moscow","city_russian":"Москва (старая)","city_english":"Moscow (main)","r_years_str":"1625-1653 гг., 1790 г."},"geometry":{"type":"MultiPolygon","coordinates":[[[[37.590728780000056,55.74374155200006],[37.590714598000041,55.743736713000025],[37.590701535000015,55.743733938000041],[37.590687361000036,55.743732421000054],[37.590673190000082,55.743732432000073],[37.590659500000072,55.743733699000074],[37.590644857000015,55.743736045000027],[37.59063276200002,55.743738749000059],[37.590615001000074,55.743700949000086],[37.590603803000072,55.743678323000054],[37.590456258000053,55.743701874000067],[37.590237876000032,55.74373284100006],[37.590266344000092,55.743788057000067],[37.590333837000081,55.743918423000089],[37.590353667000052,55.743956311],[37.590595766000042,55.743921284000074],[37.59072517000007,55.743901789000049],[37.590716048000026,55.743882125000013],[37.590695081000057,55.743834807000013],[37.590711793000054,55.743832011000023],[37.590723408,55.743828499000067],[37.590735656000064,55.743823371000076],[37.590746628000034,55.743816806000055],[37.590755209000037,55.743809794000086],[37.590761877000077,55.743801166000075],[37.590766316000078,55.743792810000095],[37.590766291000065,55.743782032000091],[37.590763718000062,55.743771256000045],[37.590759240000054,55.743762637000025],[37.590751102000112,55.743755008000072],[37.590741532000088,55.743747920000068],[37.590728780000056,55.74374155200006]]]]}},
{"type":"Feature","properties":{"r_year_int":1560.0,"r_name":"Покровский собор на рву (собор Василия Блаженного)","r_adress":"Красная площадь, дом 7","r_floors":2.0,"city":"old moscow","city_russian":"Москва (старая)","city_english":"Moscow (main)","r_years_str":"1554-1560 гг., 1588 г., XVII в., 1817 г."},"geometry":{"type":"MultiPolygon","coordinates":[[[[37.623229651000074,55.752704588000036],[37.623234412000016,55.752699194000051],[37.623251941999989,55.752702769000052],[37.623267868000077,55.75270275400004],[37.623286968000038,55.752699142000061],[37.623301278,55.752691942000055],[37.62330921300002,55.752682952000058],[37.623310772000053,55.752672173000036],[37.62332986600007,55.7526667650001],[37.623342587000053,55.752660465000062],[37.623353710000082,55.752652370000085],[37.623361636000048,55.752640686000071],[37.62336316600004,55.752620925000024],[37.623356768000058,55.752611949000034],[37.62334399300002,55.752601184000078],[37.623331230000119,55.752594012000024],[37.623369265000093,55.752534694000069],[37.623402667000072,55.752521188000046],[37.623418556000082,55.752509496000087],[37.623420129000095,55.752503207000061],[37.623400014000076,55.752487869000063],[37.62341368200007,55.752478963000037],[37.623549134,55.752504874000053],[37.623587154000106,55.752441066000081],[37.623440544000054,55.752411573000074],[37.623255667000052,55.752367748000061],[37.62323646800008,55.752339924000104],[37.62317111300009,55.752321128000013],[37.623106832000069,55.752339874000036],[37.623070007000059,55.752328234000061],[37.623013893000028,55.752310776000058],[37.623085971000052,55.752238940000048],[37.623021411000011,55.75221951400006],[37.62294900800002,55.752289375000061],[37.622871859000064,55.752369029000057],[37.622854321000062,55.752362760000025],[37.622793834000056,55.752372700000066],[37.622763701000032,55.752413148000059],[37.622788490000055,55.752446355000089],[37.622777390000039,55.752461635000031],[37.622702798000013,55.752544341000032],[37.6226409000001,55.752612664000097],[37.62271263100007,55.752633250000017],[37.622774529000061,55.752564928000048],[37.622894079000027,55.752598939000023],[37.622906888000045,55.752620482000026],[37.622962670000085,55.752633899000067],[37.623010451,55.75263475],[37.623068004000061,55.752654093000075],[37.623065311000047,55.75265867600006],[37.62318661500003,55.752692955000057],[37.623229651000074,55.752704588000036]]]]}},
{"type":"Feature","properties":{"r_year_int":1626.0,"r_name":"Церковь Георгия на Псковской горе. Колокольня","r_adress":"улица Варварка, дом 12","r_floors":2.0,"city":"old moscow","city_russian":"Москва (старая)","city_english":"Moscow (main)","r_years_str":"1626 г., конец XVIII в."},"geometry":{"type":"MultiPolygon","coordinates":[[[[37.630877314,55.752569075000068],[37.630479034000118,55.752529349000042],[37.63046939200003,55.752551005000029],[37.630376351000052,55.752540954000047],[37.630369580000071,55.752564134000067],[37.630335648,55.752561026000052],[37.630329360000069,55.752586002000015],[37.630361701000048,55.752589471000064],[37.630354776000082,55.752613998000101],[37.630447328000066,55.752620906000075],[37.630427285000103,55.752675716000077],[37.630831138000055,55.752714897000033],[37.630833662000015,55.752707799000042],[37.630836340000045,55.752698904000084],[37.630845321000074,55.75266997300011],[37.630850212000084,55.752656226000077],[37.630877314,55.752569075000068]]]]}},
{"type":"Feature","properties":{"r_year_int":1538.0,"r_name":"Стена Китай-города с нижней частью Варваринской башни","r_adress":"Китайгородский проезд, дом 2","r_floors":5.0,"city":"old moscow","city_russian":"Москва (старая)","city_english":"Moscow (main)","r_years_str":"1534-1538 гг."},"geometry":{"type":"MultiPolygon","coordinates":[[[[37.632812318000056,55.752289649000033],[37.632815692000037,55.752298538000034],[37.63290535700002,55.752534211000047],[37.632852027000055,55.752540466000013],[37.632788118000029,55.752620831000044],[37.632838323000072,55.752632184000056],[37.632828816000071,55.752646565000049],[37.632740144000046,55.752798002000098],[37.632772014000032,55.752803536000059],[37.632752225000061,55.752838407000063],[37.632807203000013,55.752848227000086],[37.632816649000112,55.752815883000025],[37.632861231000028,55.75281269100001],[37.632919347000055,55.752808587000068],[37.633002143000063,55.752803109000055],[37.633089867000059,55.753076058000076],[37.633143219000033,55.753076],[37.633148892000108,55.753105185000052],[37.633191107000073,55.753108283000088],[37.633091573000037,55.752874866000091],[37.632872192000043,55.752287699000107],[37.632812318000056,55.752289649000033]]]]}},
{"type":"Feature","properties":{"r_year_int":1680.0,"r_name":"Монетный двор и Дом Губернского правления","r_adress":"Никольская улица, дом 4/5","r_floors":3.0,"city":"old moscow","city_russian":"Москва (старая)","city_english":"Moscow (main)","r_years_str":"1680 г., 1740 г."},"geometry":{"type":"MultiPolygon","coordinates":[[[[37.621847466000098,55.756351636],[37.621866551000103,55.75634263500001],[37.621850596,55.756333669000099],[37.62193011,55.756294071000099],[37.6219396830001,55.756299449999979],[37.621990572000094,55.756274251000086],[37.621974611,55.756263489],[37.622018976,55.756240092999988],[37.622168589000104,55.756155517000082],[37.622214701000097,55.75613077100008],[37.622271146000095,55.756099727999988],[37.622072449,55.755970589000079],[37.621963920000091,55.755898843000082],[37.621849010000091,55.75582351],[37.6218744600001,55.755812707000096],[37.621826419,55.755780420000093],[37.621852022000091,55.755767820000081],[37.621829681,55.7557539210001],[37.621845586,55.755746719999983],[37.621714749,55.755671403000093],[37.621673411000103,55.7556947960001],[37.621472368000092,55.755578232000083],[37.621513706000101,55.755554839000069],[37.621421168000097,55.755502836000105],[37.621357406000101,55.755537029999978],[37.621271404,55.755486817000076],[37.621182341,55.755528669000093],[37.621127474,55.755554770000089],[37.620958892,55.755634424],[37.620892065000106,55.755656045000102],[37.62067576000009,55.755755056000076],[37.620542166000092,55.755818057999988],[37.620551821000099,55.75585038300008],[37.621040001,55.756111721000075],[37.621489109,55.756354684],[37.621536174000099,55.75638023500008],[37.621656628,55.756445234000097],[37.621831528,55.756348059000096],[37.621847466000098,55.756351636]],[[37.621617094,55.756280459],[37.621967743000091,55.756103622000083],[37.621832095,55.756017981000092],[37.621481446000089,55.756194817],[37.621426388,55.756159843],[37.621538499,55.756102698000092],[37.621560764000094,55.756091898000101],[37.621574281,55.756085149000079],[37.621782600000103,55.75597940799998],[37.621653337000097,55.755898251000083],[37.621638975,55.755889283999984],[37.62128276300011,55.756069718000084],[37.621212388,55.756025776999969],[37.621164670000098,55.755994837000088],[37.621514513000101,55.755815308000074],[37.621488980000095,55.755799166],[37.621457064,55.755779437000065],[37.621338816,55.755705904000102],[37.621006613000098,55.755872840999977],[37.620940400000102,55.755835632000078],[37.621066826,55.755772187000083],[37.621292645,55.755660143],[37.621351484,55.75563044499998],[37.621568499000098,55.755761364000094],[37.6217312610001,55.755859553000086],[37.621983441000097,55.756029956000077],[37.622107953000103,55.75611965000008],[37.621684918,55.756323055000095],[37.621671353000103,55.756314534999987],[37.621617094,55.756280459]]]]}},
{"type":"Feature","properties":{"r_year_int":1624.0,"r_name":"Собор Богоявленского монастыря","r_adress":"Богоявленский переулок, дом 2, строение 4","r_floors":2.0,"city":"old moscow","city_russian":"Москва (старая)","city_english":"Moscow (main)","r_years_str":"1624 г., 1693 г."},"geometry":{"type":"MultiPolygon","coordinates":[[[[37.623172279000038,55.755987009000094],[37.623233497000058,55.755954614000068],[37.623252649000079,55.755967169000016],[37.623278093000039,55.755954569000039],[37.623302828000092,55.755969813000021],[37.623316392000064,55.755977883000085],[37.623329145000106,55.755981463000026],[37.623341892000013,55.75598324700006],[37.623380118000064,55.75598320900005],[37.62341514600012,55.755979581000098],[37.623446967000056,55.755968771],[37.623466046000011,55.75595797400004],[37.623481928000075,55.755943587000047],[37.623491410000071,55.755920225000075],[37.62349135400008,55.755902262000042],[37.623478561000042,55.755886108000034],[37.623465791000115,55.755877139000063],[37.623433886000051,55.755861004000053],[37.623459318000059,55.755844811000017],[37.623446560000076,55.755839435],[37.623475172000077,55.755821443000052],[37.623156030000082,55.755631350000058],[37.623178289000045,55.755618753000064],[37.623092126000088,55.755568991000075],[37.623011824000081,55.755610387000054],[37.622951189000041,55.755574521000028],[37.622766744000018,55.755673503000075],[37.622827380000082,55.755709370000048],[37.622747868,55.755748968000034],[37.622853184000078,55.755811735000073],[37.62286590300004,55.75580453700006],[37.623172279000038,55.755987009000094]]]]}},
{"type":"Feature","properties":{"r_year_int":1653.0,"r_name":"Церковь Троицы в Никитниках (с фресками и иконописью Симона Ушакова)","r_adress":"Никитников переулок, дом 3","r_floors":3.0,"city":"old moscow","city_russian":"Москва (старая)","city_english":"Moscow (main)","r_years_str":"1628-1653 гг."},"geometry":{"type":"MultiPolygon","coordinates":[[[[37.631355843000087,55.754124287000081],[37.631368524000059,55.75410631000004],[37.631413142000056,55.754113448000027],[37.631432181000015,55.754091871000035],[37.631460867000072,55.754097230000113],[37.631492732000048,55.754100789000084],[37.631527758000082,55.754097158],[37.631550017000045,55.754085908000043],[37.63155952500005,55.75407152700005],[37.631556280000041,55.754053567000021],[37.631584935000042,55.754049943000041],[37.631610381,55.754039138000024],[37.631632612000011,55.754019355000082],[37.631635725000066,55.753997795000018],[37.63162610900001,55.753979842000021],[37.631606937000072,55.753961899000082],[37.631622821000065,55.753949308000074],[37.631632328000073,55.753934927000053],[37.63162273600004,55.753924159000043],[37.631600409000036,55.753915201000012],[37.631511173000042,55.753900926],[37.631492170000072,55.753933280000062],[37.631371059000074,55.753912302000074],[37.631336001000051,55.753906502000035],[37.631367649,55.753845392000095],[37.631272031000016,55.753827531000091],[37.631237216000038,55.753894033000073],[37.631180226000041,55.753997203000054],[37.631169293000063,55.754014011000052],[37.631139051000069,55.754067035000062],[37.631209169000023,55.754079535000109],[37.63120286500002,55.754099301000025],[37.631355843000087,55.754124287000081]]]]}},
{"type":"Feature","properties":{"r_year_int":1665.0,"r_name":"Палаты дьяка Украинцева","r_adress":"Хохловский переулок, дом 7-9, строение 2","r_floors":2.0,"city":"old moscow","city_russian":"Москва (старая)","city_english":"Moscow (main)","r_years_str":"1665 г., XIX в."},"geometry":{"type":"MultiPolygon","coordinates":[[[[37.643049178000034,55.755674085000088],[37.642990517000037,55.755747803000091],[37.642961992000082,55.755787355000081],[37.643010619000094,55.755800771000033],[37.643083163,55.755821345000051],[37.643095996000035,55.755802738000057],[37.643118476,55.755808909000059],[37.643129425000055,55.755797580000028],[37.643423404000018,55.755874570000039],[37.643415835000084,55.755895417000048],[37.643387834000094,55.755947364000043],[37.643404574000044,55.755951835000097],[37.643392089000066,55.755978435000031],[37.643246902000058,55.755954084000038],[37.643215015000088,55.755945140000016],[37.643128159000106,55.755930870000064],[37.643134478,55.75591649200004],[37.643035677000086,55.755902236000061],[37.643010370000027,55.75595076600009],[37.643077297000019,55.755959670000031],[37.643067793000029,55.755974052000028],[37.643026356000028,55.755966915000059],[37.643016872000032,55.755986685000053],[37.642981813000105,55.755981427000037],[37.642947074000034,55.756064009000056],[37.643243485000056,55.756108573000049],[37.643413034000027,55.756131010000054],[37.643384765000064,55.756196879000079],[37.64353216600005,55.756216557000123],[37.643525134000043,55.756253749000059],[37.643630140000035,55.756265662000011],[37.643771466000068,55.755888805000083],[37.643771421000039,55.755876320000041],[37.643760545000063,55.755863938000047],[37.643738057000057,55.755855612000062],[37.643678916000013,55.755841759000084],[37.64355217800005,55.755810022000013],[37.643049178000034,55.755674085000088]]]]}},
{"type":"Feature","properties":{"r_year_int":1650.0,"r_name":"Церковь Введения в Барашах","r_adress":"Барашёвский переулок, дом 8/2, строение 4","r_floors":4.0,"city":"old moscow","city_russian":"Москва (старая)","city_english":"Moscow (main)","r_years_str":"1650 г., 1698-1701 гг."},"geometry":{"type":"MultiPolygon","coordinates":[[[[37.649663223000097,55.759253251000068],[37.649669236000115,55.759242825000037],[37.649708929000042,55.759250770000037],[37.649732983000028,55.759209605000081],[37.649783037000098,55.759219694000109],[37.649802155000053,55.75922056800006],[37.649821422000059,55.75921874900007],[37.64984049500007,55.75920794700005],[37.649848414000104,55.759196262000074],[37.649846617000058,55.759184588000053],[37.649830783000027,55.75916754200005],[37.65000293800005,55.759200564000047],[37.650026682000053,55.759203230000089],[37.650057085000071,55.759197804000053],[37.650080929000083,55.759185201000037],[37.650093620000106,55.75917171300005],[37.650115934000034,55.759175278000029],[37.650134928000057,55.759143819],[37.65011739600007,55.75914114600004],[37.650123706000016,55.75912497100007],[37.650112483000065,55.759106123000031],[37.65009810300004,55.75909446400005],[37.650077368000055,55.759087304000055],[37.649906801000022,55.759052932],[37.649933863000022,55.759048409000059],[37.649949764000084,55.759041204000027],[37.64995926600006,55.759026822000031],[37.649957465000099,55.75901425000005],[37.649949460000045,55.759003481000043],[37.649935249000073,55.758994517000048],[37.649662667000065,55.758940958000011],[37.64961972400009,55.758999391000046],[37.649465264000078,55.758969939000046],[37.649435168000032,55.759013986000056],[37.649403359000054,55.759068364000036],[37.649559734000029,55.759098712000046],[37.649516984000037,55.759166126000089],[37.649602746000049,55.759183447000048],[37.649577417000067,55.759224344000081],[37.649598458000106,55.759228540000066],[37.649591967000056,55.759238787000079],[37.649663223000097,55.759253251000068]]]]}},
{"type":"Feature","properties":{"r_year_int":1657.0,"r_name":"Церковь Николы в Кленниках","r_adress":"улица Маросейка, дом 5, строение 2","r_floors":2.0,"city":"old moscow","city_russian":"Москва (старая)","city_english":"Moscow (main)","r_years_str":"1657 г."},"geometry":{"type":"MultiPolygon","coordinates":[[[[37.631904272000028,55.757413160000056],[37.631854520000083,55.757490995000076],[37.631838713,55.757526939000066],[37.631827603000026,55.757538627000052],[37.631948565000066,55.75755933500006],[37.631966956000021,55.757533987000045],[37.632318382000101,55.757597829000055],[37.632347040000035,55.757594206000093],[37.63237565600005,55.757578008000081],[37.632384331000026,55.757552850000074],[37.632409701000014,55.75751869200009],[37.632406467000031,55.757504325000106],[37.632387311000095,55.757491771000034],[37.632326724000073,55.757473873000031],[37.63216973400008,55.757443952000074],[37.631904272000028,55.757413160000056]]]]}},
{"type":"Feature","properties":{"r_year_int":1629.0,"r_name":"Церковь Воскресения на Успенском вражке. Колокольня и трапезная","r_adress":"Брюсов переулок, дом 15/2, строение 3","r_floors":0.0,"city":"old moscow","city_russian":"Москва (старая)","city_english":"Moscow (main)","r_years_str":"1629 г., 1820 г."},"geometry":{"type":"MultiPolygon","coordinates":[[[[37.607589176000026,55.759522866000026],[37.607384994000014,55.759415264000047],[37.607391182000121,55.759406726000066],[37.607390516000038,55.759396128000056],[37.60738204400009,55.759385267000042],[37.607270057000051,55.759323751000061],[37.607252844000094,55.759319993000084],[37.607235963000043,55.759321355000033],[37.607222276000044,55.759325588000067],[37.60716454300006,55.759299412000068],[37.607129876000037,55.759320370000061],[37.607120943000048,55.75931570700002],[37.607051605000066,55.759356454000084],[37.607058786000053,55.759361118000086],[37.607019509000047,55.759385493000082],[37.607066406000044,55.759410152000029],[37.607058636000076,55.759423092000105],[37.607058352000038,55.759435757000048],[37.607066504000045,55.759446078000046],[37.60716540400005,55.759498086000065],[37.607188363000056,55.759505970000063],[37.607210671000047,55.759508825000061],[37.607229143000012,55.759507013000032],[37.60730891,55.759551852000094],[37.607280292000063,55.759571636000047],[37.60739578000004,55.759631444000036],[37.607426944000032,55.759611028000073],[37.607446694,55.759610382000027],[37.607461497000081,55.759606238000067],[37.607474696000082,55.759598412000052],[37.607483752000093,55.75958978200002],[37.607487385000098,55.759578641000047],[37.607505859000064,55.759577637000056],[37.607524326000011,55.759573669000062],[37.607541498000039,55.759562427000056],[37.607551348000101,55.75955298800006],[37.607554182000037,55.759540860000037],[37.607570900000063,55.759538331000059],[37.607584263000014,55.759531852000023],[37.607589176000026,55.759522866000026]]]]}},
{"type":"Feature","properties":{"r_year_int":1687.0,"r_name":"Трапезная","r_adress":"Новодевичий проезд, дом 1, строение 30","r_floors":0.0,"city":"old moscow","city_russian":"Москва (старая)","city_english":"Moscow (main)","r_years_str":"1685-1687 гг."},"geometry":{"type":"MultiPolygon","coordinates":[[[[37.555094627000052,55.726499712000084],[37.555039447000063,55.726418901000017],[37.555065221000106,55.726412782000082],[37.555040341000016,55.726375789000024],[37.555391158000099,55.726294796000062],[37.555467529000083,55.726279044000066],[37.555456042000088,55.726259110000022],[37.555489774000058,55.726253436],[37.555515299000042,55.726296986000065],[37.555488887000053,55.726301758000048],[37.555550444000097,55.726389931000064],[37.555653067000058,55.72636832900011],[37.555591666000097,55.726278539000042],[37.55556446000007,55.72628474900003],[37.555534318000085,55.726240842000053],[37.555664782000115,55.726212041000039],[37.555683857000048,55.726195866000083],[37.555690198000036,55.726177899000042],[37.555690175000016,55.726161732],[37.555683788000096,55.726146915000086],[37.555661474000075,55.726123573000059],[37.555639170000092,55.726107416000069],[37.55561369600008,55.726100242000015],[37.555588227000086,55.726096660000046],[37.555540484000083,55.726098478000033],[37.555380591000095,55.726136722000042],[37.555367835000041,55.726120112000075],[37.555048841,55.726193905000045],[37.554975498000033,55.726098731000036],[37.554815601000037,55.726134729000066],[37.554745433000029,55.726032368000062],[37.554669068000074,55.726052162000052],[37.554713727000077,55.726122199000081],[37.55473605300007,55.726154524000016],[37.554586501000031,55.726190517000056],[37.554521586000092,55.72620401800004],[37.554714985,55.72645497200007],[37.554888403000042,55.726413220000019],[37.554912484000056,55.726448328000053],[37.554953055000048,55.726438969000085],[37.555007916000108,55.726519601000071],[37.555094627000052,55.726499712000084]]]]}},
{"type":"Feature","properties":{"r_year_int":1677.0,"r_name":"Церковь Иоанна Златоуста","r_adress":"улица Рождественка, дом 20/8, строение 15","r_floors":3.0,"city":"old moscow","city_russian":"Москва (старая)","city_english":"Moscow (main)","r_years_str":"1677 г."},"geometry":{"type":"MultiPolygon","coordinates":[[[[37.624682245000074,55.76551956000003],[37.624704480000091,55.765497981000074],[37.624698062000014,55.765483617000029],[37.624682091000096,55.76547105900007],[37.624656578000078,55.765463899000046],[37.624436586000066,55.765469241000069],[37.624319182000036,55.76547205400005],[37.624190628000036,55.765475148000093],[37.624191475000039,55.765491314000037],[37.624114217000034,55.765493637000041],[37.624116692000051,55.765520580000015],[37.624193951000059,55.765518256000085],[37.624194947000028,55.765530920000039],[37.624201736,55.765612287000053],[37.624207198000093,55.765676770000034],[37.624323491000077,55.765675305000066],[37.624446475000113,55.765673654000082],[37.624644492000037,55.765670940000064],[37.624682704000115,55.765663716000091],[37.624698612000024,55.765656514000057],[37.624724033000064,55.76563493200009],[37.624723987000039,55.765620562],[37.624704830000084,55.76560800700009],[37.624682503,55.765600844000041],[37.624717408000031,55.765555451000047],[37.624717368000034,55.765542877000016],[37.624710961000098,55.76553210500002],[37.624682245000074,55.76551956000003]]]]}},
{"type":"Feature","properties":{"r_year_int":1638.0,"r_name":"Церковь Симеона Столпника","r_adress":"Поварская улица, дом 5, строение 1","r_floors":2.0,"city":"old moscow","city_russian":"Москва (старая)","city_english":"Moscow (main)","r_years_str":"1631-1638 гг."},"geometry":{"type":"MultiPolygon","coordinates":[[[[37.596951354000019,55.75346904000002],[37.597177327000082,55.753396559000073],[37.597264063000054,55.753371342000023],[37.597236120000062,55.753342174000053],[37.597302152000097,55.753317422000052],[37.597318038,55.75330124200012],[37.597321188000045,55.753286869000043],[37.59730840700005,55.753270712000052],[37.597289255000128,55.753254560000066],[37.597263751000064,55.753245599000103],[37.597225528000038,55.753245629000062],[37.597145957000052,55.753269493000055],[37.597104584000071,55.753283896000042],[37.597082248000042,55.753267747000059],[37.597069493000085,55.753262368000044],[37.597047197000052,55.753262385000028],[37.596817251000047,55.75333810200005],[37.596861950000061,55.753381089000058],[37.596811026000061,55.753397386000067],[37.59684934200007,55.753434990000066],[37.59690026600007,55.753418783],[37.596951354000019,55.75346904000002]]]]}},
{"type":"Feature","properties":{"r_year_int":1626.0,"r_name":"Церковь Федора Студита у Никитских ворот","r_adress":"Большая Никитская улица, дом 29, строение 2","r_floors":1.0,"city":"old moscow","city_russian":"Москва (старая)","city_english":"Moscow (main)","r_years_str":"1626 г."},"geometry":{"type":"MultiPolygon","coordinates":[[[[37.597531267000079,55.756815793000051],[37.597417847000038,55.75693785400005],[37.59753898200006,55.756971889000042],[37.597532655000045,55.756989857000072],[37.597648217,55.757024345000069],[37.597683262000047,55.757026114000041],[37.597708737000055,55.757022501000016],[37.597724634000016,55.757009914000029],[37.597730956000092,55.756990149000039],[37.597766454000066,55.756981858000081],[37.597791427000033,55.756968545000078],[37.597800925000087,55.756945185000035],[37.597791305,55.756919595000042],[37.597813545000051,55.75689622500002],[37.597816700000116,55.75688364800007],[37.597810288000076,55.756867486000026],[37.59766922200005,55.756824486000028],[37.597659687,55.756833475000057],[37.597544133000099,55.756801681000063],[37.597531267000079,55.756815793000051]]]]}},
{"type":"Feature","properties":{"r_year_int":1665.0,"r_name":"Церковь Иоанна Богослова","r_adress":"Богословский переулок, дом 4, строение 2","r_floors":2.0,"city":"old moscow","city_russian":"Москва (старая)","city_english":"Moscow (main)","r_years_str":"1652-1665 гг."},"geometry":{"type":"MultiPolygon","coordinates":[[[[37.600977952000029,55.762302900000066],[37.601078700000038,55.762268687000081],[37.601027936000051,55.762226964],[37.600798104000035,55.76205470400005],[37.600749555000014,55.762069114],[37.60072721600006,55.76205476200002],[37.600647646,55.762085364000015],[37.600663617000109,55.76210151800008],[37.600475840000044,55.762177118000039],[37.60067086,55.762316714000079],[37.600809481000056,55.76226684200001],[37.600920173000105,55.762320821000074],[37.600977952000029,55.762302900000066]]]]}},
{"type":"Feature","properties":{"r_year_int":1505.0,"r_name":"Церковь Петра Митрополита","r_adress":"улица Петровка, дом 28, строение 10","r_floors":2.0,"city":"old moscow","city_russian":"Москва (старая)","city_english":"Moscow (main)","r_years_str":"1505 г., 1690 г."},"geometry":{"type":"MultiPolygon","coordinates":[[[[37.615224650000066,55.767233395000083],[37.615234194000067,55.767227997000063],[37.615240224000068,55.767219998000016],[37.615258695000122,55.767216568000038],[37.615269835000049,55.767212246000057],[37.615276035000122,55.767207929000037],[37.615280002000112,55.767202446000063],[37.615281105000044,55.767198224000019],[37.615277418000069,55.767190503000073],[37.61527358300004,55.767186555000087],[37.615273576,55.767184309000093],[37.615282469000078,55.767174421000014],[37.615282926000106,55.767167235000073],[37.615278916000086,55.76715807800008],[37.615265828000062,55.76715009600008],[37.615265323000074,55.767140936000033],[37.615258768000096,55.767132948000054],[37.615249834000011,55.767128915000065],[37.615237562000111,55.767127489000089],[37.61522242400013,55.767126425000093],[37.615207133000069,55.767127517000084],[37.615193895000061,55.767122680000071],[37.615176840000018,55.767119911000094],[37.615157569000083,55.767122264000093],[37.615145635000026,55.767127305000031],[37.615138650000056,55.767135665000062],[37.615130540000052,55.76714079200007],[37.615121143000103,55.767141968000054],[37.615105067000044,55.767146833],[37.615093458000025,55.767154209000097],[37.615089808000043,55.767159063000065],[37.615087914000107,55.767165082000069],[37.615089866000041,55.767178733],[37.615083845000079,55.76719014500005],[37.615081967000023,55.767201554000025],[37.61508996000002,55.767210707000046],[37.615100168,55.767214650000021],[37.615111332000055,55.767218681],[37.615115320000058,55.76722038400009],[37.615118839000068,55.767225231000033],[37.615124905000066,55.767229177000061],[37.615139735000071,55.767233744000073],[37.615143719000059,55.767234279000014],[37.615170001,55.767232279000048],[37.615180210000076,55.76723658],[37.615190731000055,55.767238636000059],[37.615201886000051,55.767239524000033],[37.615213033000018,55.767237807000093],[37.615224650000066,55.767233395000083]]]]}},
{"type":"Feature","properties":{"r_year_int":1677.0,"r_name":"Склеп Лобановых-Ростовских, 1676-1677 гг.","r_adress":"улица Рождественка, дом 20/8, строение 17","r_floors":1.0,"city":"old moscow","city_russian":"Москва (старая)","city_english":"Moscow (main)","r_years_str":"1676-1677 гг."},"geometry":{"type":"MultiPolygon","coordinates":[[[[37.624590171000129,55.765772847000058],[37.624610554000121,55.765820070000053],[37.624640809,55.765815459000059],[37.624646438000049,55.765831979000033],[37.624783069000081,55.765813518000101],[37.624762968000027,55.765754709000056],[37.624590171000129,55.765772847000058]]]]}},
{"type":"Feature","properties":{"r_year_int":1380.0,"r_name":"Церковь Всех Святых на Кулишках","r_adress":"Славянская площадь, дом 4-2/5, строение 4","r_floors":1.0,"city":"old moscow","city_russian":"Москва (старая)","city_english":"Moscow (main)","r_years_str":"1380 г., перестроена в XVI-XVII вв."},"geometry":{"type":"MultiPolygon","coordinates":[[[[37.635096311000019,55.753698552000088],[37.635105768000059,55.753669800000075],[37.635147195000101,55.753675144000098],[37.635167090000024,55.753671530000112],[37.6351989,55.753658920000092],[37.635217962000056,55.753644528999985],[37.635224282999957,55.753630151000095],[37.635219911000085,55.753516986000072],[37.635181638000084,55.753502658000087],[37.635140199000084,55.753493721000112],[37.634955399000063,55.753477757],[37.634927023000074,55.753562215999985],[37.634850534000094,55.75354972500002],[37.634844226000062,55.753568144999988],[37.634793236000029,55.75356056600009],[37.634771100000101,55.753607295000073],[37.634826873000108,55.75361621600009],[37.634817411000022,55.75364361999997],[37.634812681000042,55.75365754700011],[37.635096311000019,55.753698552000088]]]]}},
{"type":"Feature","properties":{"r_year_int":1484.0,"r_name":"Благовещенский Собор","r_adress":"Кремлёвская набережная, домовладение 1, строение 8","r_floors":3.0,"city":"old moscow","city_russian":"Москва (старая)","city_english":"Moscow (main)","r_years_str":"1484—1489 годы"},"geometry":{"type":"MultiPolygon","coordinates":[[[[37.617064471000063,55.750060454000064],[37.617078543000027,55.75002667],[37.61709654200007,55.750028090000072],[37.617118682000104,55.749976064000066],[37.617183047000061,55.749985704000096],[37.617200784000083,55.749952544],[37.616798010000025,55.749887359999988],[37.61669633000006,55.750128166000103],[37.61699138200008,55.750169292000081],[37.616979217999962,55.750202086999977],[37.617108272000095,55.750222982000089],[37.617163202,55.750112634000097],[37.617048971000031,55.750096305999982],[37.617057563000081,55.750093513000081],[37.617066306000012,55.750088474999984],[37.617073135000076,55.750082271999972],[37.617075184000015,55.750074994000123],[37.617075336,55.750072749000076],[37.61707213600009,55.750067453000099],[37.617071013000078,55.750064938999984],[37.617064471000063,55.750060454000064]]]]}},
{"type":"Feature","properties":{"r_year_int":1475.0,"r_name":"Успенский Собор","r_adress":"Кремлёвская набережная, домовладение 1, строение 12","r_floors":3.0,"city":"old moscow","city_russian":"Москва (старая)","city_english":"Moscow (main)","r_years_str":"1475—1479 годы"},"geometry":{"type":"MultiPolygon","coordinates":[[[[37.617094914000084,55.750815876999972],[37.616853533000054,55.750777485000086],[37.616815527000028,55.750849374000083],[37.616802856000099,55.750872739000101],[37.616776729000058,55.750923060999966],[37.616770398000028,55.750936090000103],[37.616764058999955,55.750946424999981],[37.616726843000038,55.751016518],[37.617107661,55.751084867000095],[37.617274966000018,55.751114797000092],[37.617301576000024,55.751119711000079],[37.617309980000108,55.751107578000081],[37.617351160000098,55.751032092],[37.617376608,55.751021290000118],[37.617392501000019,55.751010496999967],[37.617405160000068,55.750983540000099],[37.617392355000071,55.7509619960001],[37.617420827000132,55.750897300000069],[37.617433644000108,55.750869894000083],[37.617414365999963,55.750866769000105],[37.617295667000022,55.750848019999971],[37.617280531000141,55.750845788999982],[37.617249462000132,55.750840879000066],[37.617125186000031,55.750820788000013],[37.617094914000084,55.750815876999972]]]]}},
{"type":"Feature","properties":{"r_year_int":1658.0,"r_name":"Церковь Пимена в Новых Воротниках","r_adress":"Нововоротниковский переулок, дом 3, строение 1","r_floors":1.0,"city":"old moscow","city_russian":"Москва (старая)","city_english":"Moscow (main)","r_years_str":"1658 г., XIX в."},"geometry":{"type":"MultiPolygon","coordinates":[[[[37.604643497000033,55.778570245000111],[37.604647446000037,55.778557128000045],[37.604647410000048,55.778543476000046],[37.604726242000069,55.778523470000017],[37.604751480000083,55.778485815000053],[37.604726054000018,55.778453323000043],[37.604750413000048,55.778444141000065],[37.60476455600007,55.778429310000035],[37.604767548,55.778415655000103],[37.604759391000066,55.778404794000039],[37.604741037000103,55.778394571000028],[37.604705618000047,55.778379691000055],[37.604712753000079,55.778366033000012],[37.604496014000041,55.778304602000034],[37.604321865000053,55.778258045000037],[37.604300504000086,55.778255728000055],[37.604274220000043,55.778259792000021],[37.604251935000072,55.778269511000069],[37.604239855000053,55.778281467000063],[37.604200465000069,55.778271261000029],[37.60415595800005,55.778314590000065],[37.60414176700008,55.778311818000091],[37.604130612000077,55.778311827000024],[37.604112449000098,55.778313549000046],[37.604097323000076,55.778318681000016],[37.604090176000078,55.778327759000021],[37.604088286000056,55.778336383000074],[37.604093407000036,55.778344282000049],[37.604108574000058,55.778354599000068],[37.604089675000033,55.778379134000048],[37.604140067000024,55.778391666000061],[37.604105743000041,55.778428700000049],[37.604103701000049,55.778440108000062],[37.604105807000082,55.778452681000047],[37.604112844000014,55.778462375000032],[37.604131041000066,55.778473227000092],[37.604162461000065,55.778482901000096],[37.604195636000085,55.778493202000043],[37.604184828000051,55.77850398900005],[37.604249588000108,55.778525580000071],[37.604263732000035,55.778510748000052],[37.604371063000066,55.778540297000049],[37.604361059000034,55.778553958000039],[37.604425810000052,55.778572226000058],[37.604442983000098,55.778557930000041],[37.60457566300002,55.778590870000095],[37.604588895000077,55.778592566000057],[37.604607061,55.778592011000022],[37.604625219000056,55.778588583000058],[37.604638422000079,55.778579410000049],[37.604643497000033,55.778570245000111]]]]}},
{"type":"Feature","properties":{"r_year_int":1498.0,"r_name":"Храм Воскресения с Никольским приделом, домовая крестовая церковь епископов Сарских и Подонских","r_adress":"Крутицкая улица, дом 17, строение 2","r_floors":2.0,"city":"old moscow","city_russian":"Москва (старая)","city_english":"Moscow (main)","r_years_str":"1498 г., XVII в."},"geometry":{"type":"MultiPolygon","coordinates":[[[[37.658062764000128,55.727802144000073],[37.658055542000042,55.727787333000045],[37.657939433000024,55.727806344000037],[37.657737434000033,55.727839117000038],[37.657817946000094,55.727991793000044],[37.65812792400002,55.727936697000032],[37.658140451000115,55.727925004000049],[37.658142312000095,55.727912966000069],[37.658138451000035,55.727902732000068],[37.65813332500003,55.727894565000057],[37.658125179000045,55.727887480000042],[37.658115768000037,55.727882193000049],[37.658128302000051,55.727872567000084],[37.658135743000045,55.727862677000068],[37.658132523000042,55.727853520000039],[37.65812564500002,55.727844996000059],[37.658107482000041,55.727840439000019],[37.658092987000025,55.72783758300006],[37.658101703000099,55.727828051000046],[37.658104847000111,55.727818526000085],[37.658098431000049,55.72780605],[37.658090447000085,55.72779968300005],[37.658062764000128,55.727802144000073]]]]}},
{"type":"Feature","properties":{"r_year_int":1688.0,"r_name":"Соборная церковь Успения с шатровой колокольней","r_adress":"Крутицкая улица, дом 17, строение 1","r_floors":2.0,"city":"old moscow","city_russian":"Москва (старая)","city_english":"Moscow (main)","r_years_str":"1667-1688 гг."},"geometry":{"type":"MultiPolygon","coordinates":[[[[37.658601475000083,55.7277532190001],[37.658611485000058,55.727788325000077],[37.658834922000018,55.728058388000065],[37.658822318000034,55.728207860000047],[37.658808513000032,55.728296797000063],[37.658888420000032,55.728299029000048],[37.658900158000094,55.728210634000014],[37.659128586000058,55.728218872000035],[37.659129609000068,55.728196596000011],[37.659196304,55.728198216000074],[37.659199254000015,55.728179979000046],[37.65928409,55.72818103700007],[37.659294263000099,55.728177611000021],[37.659298225000072,55.728173564000038],[37.659302340000032,55.728167900000081],[37.659304201000104,55.728155862000072],[37.659300192000082,55.728148502000082],[37.659295081000067,55.728143928000051],[37.659316373,55.728135368000032],[37.65931938100001,55.728131322000074],[37.659320306000019,55.728123956000076],[37.65931629900011,55.728117045000047],[37.659300028000054,55.728107995000087],[37.659313222000044,55.728103936000046],[37.659323209,55.728094223000035],[37.659323188,55.728089103000073],[37.659317117000079,55.728083453000039],[37.659305946000096,55.728076012000031],[37.659304980000066,55.728073229000053],[37.659214725,55.72807038200002],[37.65921671200001,55.728050080000067],[37.659137918000084,55.728047667000055],[37.659141436,55.728012544000087],[37.658926703000056,55.728005816000021],[37.658934480000063,55.727921916000106],[37.658847573000031,55.72792032200006],[37.658842753000087,55.727987691000067],[37.658653169000019,55.727745159000065],[37.658601475000083,55.7277532190001]]]]}},
{"type":"Feature","properties":{"r_year_int":1635.0,"r_name":"Церковь Покрова в Медведкове","r_adress":"Заповедная улица, дом 52А, строение 1","r_floors":0.0,"city":"old moscow","city_russian":"Москва (старая)","city_english":"Moscow (main)","r_years_str":"1635"},"geometry":{"type":"MultiPolygon","coordinates":[[[[37.638043068000101,55.865372897000078],[37.638069327,55.865346103],[37.638149433000095,55.865370532999989],[37.6382212050001,55.865296624],[37.638133903,55.865269866999974],[37.638159683,55.865243073000087],[37.637945906,55.865177387999985],[37.637933335000106,55.86519051500008],[37.637876412000097,55.865172885000092],[37.637843634000092,55.865208039],[37.637829883,55.865203742999974],[37.637795669000099,55.865239438000089],[37.637811339,55.865244271],[37.637772372,55.865290839000096],[37.637831849000094,55.865308106999983],[37.638043068000101,55.865372897000078]]]]}},
{"type":"Feature","properties":{"r_year_int":1505.0,"r_name":"Собор Рождества Богородицы","r_adress":"улица Рождественка, дом 20/8, строение 14","r_floors":2.0,"city":"old moscow","city_russian":"Москва (старая)","city_english":"Moscow (main)","r_years_str":"1501-1505 гг."},"geometry":{"type":"MultiPolygon","coordinates":[[[[37.624610554000093,55.765820070000089],[37.624590171000101,55.765772847000086],[37.624581472,55.76574231799998],[37.624229126000102,55.765759379],[37.624249418,55.765878636000096],[37.624203069000011,55.765882095],[37.624210209,55.765923135000087],[37.624256398,55.765919226000086],[37.624272144,55.766011452],[37.624605995,55.76598946900009],[37.624595654000103,55.765943853000074],[37.624610943,55.765942130999981],[37.624623041000106,55.765939244],[37.624632109000096,55.765935283],[37.62463719300009,55.765930697],[37.624642099000098,55.765920452999985],[37.624640174,55.765916413000085],[37.624634106000109,55.76591183900009],[37.62461576,55.765903954000095],[37.624635011000095,55.765895940000092],[37.624641992000093,55.765886772000087],[37.624643087000102,55.765880484],[37.624640028,55.765870248000105],[37.624633961,55.765866212000098],[37.624614657,55.76585769899998],[37.624624837,55.765852568999989],[37.624631830000098,55.765847443],[37.624635797000103,55.765842319],[37.624635784000105,55.765838277000093],[37.6246317700001,55.76582858099998],[37.624625704000103,55.765824635000094],[37.624610554000093,55.765820070000089]]]]}},
{"type":"Feature","properties":{"r_year_int":1598.0,"r_name":"Храм Живоначальной Троицы в Хорошёве","r_adress":"Карамышевская набережная, дом 15, строение 1","r_floors":4.0,"city":"old moscow","city_russian":"Москва (старая)","city_english":"Moscow (main)","r_years_str":"1598 г."},"geometry":{"type":"MultiPolygon","coordinates":[[[[37.456627193000102,55.776215322999981],[37.45686725,55.776153704000095],[37.456887776000102,55.776181285000092],[37.456935278,55.776168189],[37.456914911,55.776141415999973],[37.456955080000093,55.776131102000079],[37.456971338000095,55.776127066000065],[37.45698441600009,55.776117999000078],[37.456987452000092,55.776110006000081],[37.45698746500009,55.776098600000068],[37.45698141800009,55.776091142999981],[37.456969319000095,55.77608036000008],[37.456969326,55.776073534],[37.456972364000094,55.776064913],[37.456968397,55.776049553000085],[37.456961234000097,55.776042096],[37.456926831,55.776026725000108],[37.456918875,55.776015854],[37.456910769,55.775997080000089],[37.456903764000103,55.77599079],[37.456886401000091,55.775985124999956],[37.456852149,55.775977120000086],[37.456739774,55.776004383999989],[37.456504976000097,55.776065915000082],[37.456542373,55.776111375],[37.4564693640001,55.776133175000083],[37.456511855000095,55.776183397000082],[37.456580718000097,55.776164021000078],[37.456627193000102,55.776215322999981]]]]}},
{"type":"Feature","properties":{"r_year_int":1532.0,"r_name":"Церковь Вознесения","r_adress":"проспект Андропова, дом 39, строение 1","r_floors":2.0,"city":"old moscow","city_russian":"Москва (старая)","city_english":"Moscow (main)","r_years_str":"1532"},"geometry":{"type":"MultiPolygon","coordinates":[[[[37.670897113000102,55.667380903999984],[37.670958096,55.667371748000107],[37.670950026,55.667343196999987],[37.670998311000098,55.667337471000096],[37.670988165,55.66730667799996],[37.671028499,55.66729970500009],[37.670973441000093,55.667173228000109],[37.670923101,55.667181292000102],[37.670910731,55.667150501000094],[37.670854353000102,55.667158573],[37.670846159,55.667138016000081],[37.670779621000101,55.667148707000088],[37.6707221670001,55.667055466000079],[37.6704306950001,55.667122335000094],[37.6704594650001,55.667160468000091],[37.670673786000101,55.667112207999985],[37.670702444,55.66716103],[37.670630347,55.667172537000098],[37.670640617000103,55.667195336000077],[37.670594096000094,55.667204562000101],[37.670605811000101,55.667231042000097],[37.670501484,55.667249151000092],[37.67052250400009,55.667295737000089],[37.670365921,55.667319846000083],[37.670425218000091,55.667435091000101],[37.670496206000102,55.667424484000094],[37.670465702,55.667352851],[37.670543198,55.667340438000096],[37.6705586060001,55.667375715000063],[37.670666426,55.667356704000092],[37.670678287,55.667380039999983],[37.670734199,55.667374304000099],[37.670750875,55.6674085020001],[37.670573336000103,55.667437490000083],[37.670590321000098,55.667469800999974],[37.670766750000091,55.667441533000073],[37.670827251000091,55.667431210000075],[37.670810879000101,55.667393599],[37.670897113000102,55.667380903999984]]]]}},
{"type":"Feature","properties":{"r_year_int":1670.0,"r_name":"Церковь Казанской иконы Божией Матери","r_adress":"проспект Андропова, дом 39, строение 9","r_floors":3.0,"city":"old moscow","city_russian":"Москва (старая)","city_english":"Moscow (main)","r_years_str":"1670"},"geometry":{"type":"MultiPolygon","coordinates":[[[[37.66803725000009,55.668665834000095],[37.667869118,55.668517773000069],[37.667848921,55.668514387000087],[37.66783287000009,55.668514409000061],[37.667820653000092,55.668519007000079],[37.667526018000103,55.668630334000063],[37.6674841,55.668601559000109],[37.667445995000101,55.668572600000076],[37.667437387,55.668566324],[37.667381083,55.668592628000084],[37.667427642000099,55.66862903100008],[37.667439764,55.668639253999984],[37.667466078000096,55.668660954000067],[37.667549157000103,55.668727306000093],[37.667588703,55.668758868000104],[37.667668593000094,55.6688226200001],[37.667708618000098,55.668854541],[37.667781983,55.668916057000096],[37.667856548,55.668886225000072],[37.667806001,55.668846415000097],[37.667779220000099,55.668827050000068],[37.667737134000099,55.668796300000089],[37.6680171450001,55.668684094000099],[37.66803935500009,55.668674991999985],[37.66803725000009,55.668665834000095]]]]}},
{"type":"Feature","properties":{"r_year_int":1561.0,"r_name":"Даниловский монастырь","r_adress":"улица Даниловский Вал, дом 22, строение 3","r_floors":2.0,"city":"old moscow","city_russian":"Москва (старая)","city_english":"Moscow (main)","r_years_str":"1561"},"geometry":{"type":"MultiPolygon","coordinates":[[[[37.630801340000026,55.711272382000061],[37.630757431000042,55.711176862000045],[37.630658525000101,55.711191428000049],[37.6306593300001,55.711194301000035],[37.630500162,55.711218811000016],[37.630498561000053,55.711215759],[37.630427642000036,55.711226612000083],[37.630475092000047,55.711334522000072],[37.630543785000036,55.711324210000043],[37.630542024000071,55.711320799000084],[37.630703416000074,55.711295389000036],[37.630705178000056,55.711298890000108],[37.630806148,55.711282885000038],[37.630801340000026,55.711272382000061]]]]}},
{"type":"Feature","properties":{"r_year_int":1600.0,"r_name":"Братский корпус","r_adress":"улица Варварка, дом 8Б","r_floors":2.0,"city":"old moscow","city_russian":"Москва (старая)","city_english":"Moscow (main)","r_years_str":"XVII в."},"geometry":{"type":"MultiPolygon","coordinates":[[[[37.628917299000094,55.75275787],[37.62892348,55.752700381000068],[37.628789679000093,55.752693335000082],[37.628792711000102,55.752646627000082],[37.628738557000098,55.752644887000081],[37.628725964000097,55.752689809000103],[37.628598533000094,55.752682757000102],[37.628604755000097,55.752637393000064],[37.6285505950001,55.752633856999985],[37.628540393,55.752679673999978],[37.628404201000102,55.752671731999989],[37.628394876000101,55.752742248000096],[37.628608318,55.752752804000103],[37.628611474000095,55.752743819000102],[37.628917299000094,55.75275787]]]]}},
{"type":"Feature","properties":{"r_year_int":1682.0,"r_name":"Собор Знаменского монастыря","r_adress":"улица Варварка, дом 8, строение 1","r_floors":2.0,"city":"old moscow","city_russian":"Москва (старая)","city_english":"Moscow (main)","r_years_str":"1679-1682 гг."},"geometry":{"type":"MultiPolygon","coordinates":[[[[37.629036645000077,55.752389136000041],[37.629015602000017,55.752382781000044],[37.628992829000062,55.752383344000066],[37.628956839000097,55.752383920000049],[37.628955992000087,55.752368473000047],[37.628829388000014,55.75237040100005],[37.628828539000082,55.752354235000034],[37.628564662000016,55.752358283000056],[37.62845270900003,55.752360017000093],[37.628457946,55.752500126000029],[37.628300292000112,55.752503883],[37.628303636000048,55.752552380000026],[37.628459697000025,55.752548625000045],[37.628886497000018,55.752544587000031],[37.628889405000031,55.752460156000026],[37.628996581000074,55.752458517000029],[37.629023480000043,55.752453818000028],[37.629046856000073,55.752443195000076],[37.629054782000033,55.752432050000031],[37.629056505,55.75242342500011],[37.62905485600001,55.752406092000065],[37.629048300000122,55.752398195000048],[37.629036645000077,55.752389136000041]]]]}},
{"type":"Feature","properties":{"r_year_int":1654.0,"r_name":"Церковь Успения в Гончарах, придел. Колокольня","r_adress":"Гончарная улица, дом 29/7, строение 1","r_floors":1.0,"city":"old moscow","city_russian":"Москва (старая)","city_english":"Moscow (main)","r_years_str":"1654 г., 1702 г., 1790 г."},"geometry":{"type":"MultiPolygon","coordinates":[[[[37.650654987000031,55.742157866000056],[37.650632656000028,55.742147116000069],[37.650583256000068,55.742135949000023],[37.650561744000036,55.742131484000062],[37.650545898000047,55.742151264],[37.650474824000028,55.742134734000025],[37.650361043000053,55.742108377000051],[37.650383230000031,55.742081405000086],[37.650290802000072,55.742059961000059],[37.650189379000018,55.742184033000072],[37.650272226,55.742198303000073],[37.650265899000061,55.742209088000038],[37.650588551000034,55.742271117000016],[37.650601275000021,55.742267509000058],[37.650604383000051,55.742247746000047],[37.650629809000115,55.742235140000027],[37.650632945000091,55.742222562000073],[37.650629720000069,55.74221178800007],[37.650645627000067,55.742208176000076],[37.650658344000114,55.742202771000052],[37.650667856000055,55.742191981000055],[37.650667814000045,55.742181203000037],[37.650658227000022,55.742172233000055],[37.650654987000031,55.742157866000056]]]]}},
{"type":"Feature","properties":{"r_year_int":1600.0,"r_name":"Палаты Романовых","r_adress":"улица Варварка, дом 10, строение 1","r_floors":2.0,"city":"old moscow","city_russian":"Москва (старая)","city_english":"Moscow (main)","r_years_str":"XVI-XVII вв., 1858-1859 гг."},"geometry":{"type":"MultiPolygon","coordinates":[[[[37.628947865,55.752802837000033],[37.629289773000018,55.752795832000054],[37.629280959000042,55.752682761000059],[37.629131745000031,55.752686421000078],[37.629133628000027,55.752726118000041],[37.629012430000067,55.752725796000071],[37.62900608300005,55.752684217000102],[37.62894111100011,55.752686081000043],[37.62894449100002,55.752745357000059],[37.628945507,55.752763858000016],[37.628887539000019,55.752764368000037],[37.62888797500004,55.752800294000018],[37.628947854000046,55.752799423000027],[37.628947865,55.752802837000033]]]]}},
{"type":"Feature","properties":{"r_year_int":1600.0,"r_name":"Церковь Ильи Пророка в Новгородском подворье","r_adress":"улица Ильинка, дом 3/8, строение 2","r_floors":3.0,"city":"old moscow","city_russian":"Москва (старая)","city_english":"Moscow (main)","r_years_str":"XVI-XVII вв."},"geometry":{"type":"MultiPolygon","coordinates":[[[[37.623609555000073,55.754595665000089],[37.623819294000072,55.754691559000015],[37.623978543000078,55.754585055000035],[37.62416687000006,55.754457326000065],[37.624166779000092,55.754428584000053],[37.624016104000042,55.754375295000052],[37.62395880800009,55.754387927000053],[37.623795924999982,55.754503505000059],[37.623787153000109,55.754499472000077],[37.623764889000043,55.754510273000022],[37.623752125000053,55.754503100000086],[37.623609555000073,55.754595665000089]]]]}},
{"type":"Feature","properties":{"r_year_int":1632.0,"r_name":"Храм Троицы Живоначальной в Листах","r_adress":"улица Сретенка, дом 27, строение 3","r_floors":2.0,"city":"old moscow","city_russian":"Москва (старая)","city_english":"Moscow (main)","r_years_str":"1632"},"geometry":{"type":"MultiPolygon","coordinates":[[[[37.631840338000096,55.771786806000115],[37.631901045000099,55.771786742000089],[37.631901123,55.771810093999974],[37.631948925000096,55.771810042999988],[37.6319488460001,55.771786601],[37.632053849000094,55.771786577999983],[37.632082493,55.771775679],[37.632092164,55.771761388000087],[37.632079197000103,55.77174343899997],[37.632098269000103,55.771729048],[37.632095205000098,55.77171827300009],[37.632076049,55.771707514999989],[37.632098313,55.771694827],[37.632098271000096,55.771682343000094],[37.632082289,55.771667989],[37.6318464470001,55.771661056],[37.6318463080001,55.77161974100008],[37.631613494000092,55.771612804000085],[37.631611529000097,55.771691845000063],[37.631527876000092,55.77169148500009],[37.631526346,55.771757862000086],[37.631609999000098,55.771758220999963],[37.631607899000095,55.771844537999975],[37.631840525,55.77184249299998],[37.631840338000096,55.771786806000115]]]]}},
{"type":"Feature","properties":{"r_year_int":1680.0,"r_name":"Палаты Ушакова","r_adress":"Ипатьевский переулок, дом 12, строение 1","r_floors":3.0,"city":"old moscow","city_russian":"Москва (старая)","city_english":"Moscow (main)","r_years_str":"1680"},"geometry":{"type":"MultiPolygon","coordinates":[[[[37.630376802000136,55.753777823999982],[37.630447832999955,55.753634042],[37.630336448000065,55.753616105999974],[37.630248011000042,55.753602278000081],[37.630221099,55.753651257000108],[37.630184284999949,55.753643751000077],[37.630163387000024,55.753681407000073],[37.630200993000109,55.753687475000106],[37.630194978000084,55.753698439000054],[37.630172020000082,55.753739329999988],[37.630376802000136,55.753777823999982]]]]}},
{"type":"Feature","properties":{"r_year_int":1652.0,"r_name":"Никольская церковь при больничных палатах","r_adress":"Крестьянская площадь, дом 10, строение 19","r_floors":2.0,"city":"old moscow","city_russian":"Москва (старая)","city_english":"Moscow (main)","r_years_str":"1652 г."},"geometry":{"type":"MultiPolygon","coordinates":[[[[37.656764345000092,55.732419073000059],[37.656749321000085,55.732443612000033],[37.656674998000028,55.73256630800006],[37.656833789000096,55.732588919000108],[37.65681046900005,55.732648498000039],[37.656921445000059,55.732655811000065],[37.656992118000026,55.732496295000011],[37.656879830000051,55.732479373000032],[37.65693105800009,55.732392903000054],[37.656991301000062,55.732292141000087],[37.657055017000104,55.732303467000072],[37.657137171000052,55.732149325000066],[37.656950153000039,55.732113098000085],[37.656836140000074,55.73230114100005],[37.656764345000092,55.732419073000059]]]]}},
{"type":"Feature","properties":{"r_year_int":1670.0,"r_name":"Настоятельские палаты","r_adress":"Андроньевская площадь, дом 10, строение 3","r_floors":0.0,"city":"old moscow","city_russian":"Москва (старая)","city_english":"Moscow (main)","r_years_str":"1670 г."},"geometry":{"type":"MultiPolygon","coordinates":[[[[37.670569348000086,55.748640054000049],[37.670530808000052,55.748566008000054],[37.670453477000073,55.748580037000046],[37.670170402000032,55.748630277000053],[37.670160777000028,55.748614123000031],[37.670116221000036,55.748621370000059],[37.670125846000055,55.748637524000046],[37.670027193000095,55.748655624000023],[37.670075333000028,55.748739985000014],[37.670161261000082,55.748725496000056],[37.670161347000032,55.748745256000085],[37.670199643000039,55.748763166000074],[37.670241811000047,55.748755922000015],[37.670254449,55.748732553000082],[37.670231273000091,55.74871282500002],[37.670461191000044,55.748669395000029],[37.670454774000078,55.74865862500009],[37.670492965000044,55.748652285000041],[37.670569348000086,55.748640054000049]]]]}},
{"type":"Feature","properties":{"r_year_int":1590.0,"r_name":"Палаты царицы Ирины Годуновой с Амвросиевской церковью","r_adress":"Новодевичий проезд, дом 1, строение 24","r_floors":0.0,"city":"old moscow","city_russian":"Москва (старая)","city_english":"Moscow (main)","r_years_str":"1580-1590 гг."},"geometry":{"type":"MultiPolygon","coordinates":[[[[37.554348119000082,55.725979192000068],[37.554775133000064,55.725874186000048],[37.554799365000051,55.725903995000081],[37.554866025,55.725886541000101],[37.554916775,55.725872956000053],[37.555145228000107,55.725811419000074],[37.555122906000044,55.725782238000058],[37.555279611000095,55.72574076300004],[37.555305054000058,55.725726381000072],[37.555320942000058,55.72570661400006],[37.555320924000064,55.725694039000082],[37.555308162000088,55.725672579000062],[37.555281877000034,55.72565462700004],[37.555243669000077,55.725645572000069],[37.555215022000013,55.725645675000052],[37.555055928000087,55.72568526500001],[37.555037279000025,55.725664616000081],[37.554254857000082,55.725863907000075],[37.554348119000082,55.725979192000068]]]]}},
{"type":"Feature","properties":{"r_year_int":1680.0,"r_name":"Палаты царевны Марии Алексеевны","r_adress":"Новодевичий проезд, дом 1, строение 21","r_floors":2.0,"city":"old moscow","city_russian":"Москва (старая)","city_english":"Moscow (main)","r_years_str":"1680 г."},"geometry":{"type":"MultiPolygon","coordinates":[[[[37.555420711000082,55.725354934000038],[37.555480964,55.725422629000036],[37.555876918000031,55.725305509000066],[37.555833563000057,55.725258643000068],[37.555814435000059,55.725237096000043],[37.5554541180001,55.725345039000018],[37.555440437000044,55.725349087000026],[37.555420711000082,55.725354934000038]]]]}},
{"type":"Feature","properties":{"r_year_int":1677.0,"r_name":"Покровская церковь над южными воротами","r_adress":"Новодевичий проезд, дом 1, строение 22","r_floors":2.0,"city":"old moscow","city_russian":"Москва (старая)","city_english":"Moscow (main)","r_years_str":"1625-1677 гг."},"geometry":{"type":"MultiPolygon","coordinates":[[[[37.555480964,55.725422629000036],[37.555420711000082,55.725354934000038],[37.555405886000095,55.725337875000072],[37.55536492200001,55.725292985000038],[37.555270270000037,55.72532176900004],[37.555185958000024,55.72534794300001],[37.55508096500008,55.725379875000023],[37.555142966000091,55.725445684000078],[37.555096993000099,55.725460794000092],[37.555120902000034,55.725487099000091],[37.555161701,55.725527679000024],[37.555186199000048,55.725519854000026],[37.555313461000068,55.725479828000026],[37.555395388000044,55.725455181],[37.555486065000075,55.725428106000074],[37.555480964,55.725422629000036]]]]}},
{"type":"Feature","properties":{"r_year_int":1688.0,"r_name":"Преображенская церковь над северными воротами","r_adress":"Новодевичий проезд, дом 1, строение 1","r_floors":2.0,"city":"old moscow","city_russian":"Москва (старая)","city_english":"Moscow (main)","r_years_str":"1688 г."},"geometry":{"type":"MultiPolygon","coordinates":[[[[37.557706524000018,55.726746597000094],[37.557649165000022,55.726703421000089],[37.557563272000053,55.726737143000037],[37.557467039000116,55.726774911000071],[37.557370009000039,55.726812230000043],[37.557432947000024,55.726861600000078],[37.557563595,55.72695854200002],[37.557658234,55.726918979000061],[37.55774253400007,55.726883551000071],[37.557837968000022,55.726843448000075],[37.557815662000046,55.726827291000056],[37.557732017000021,55.726766255000058],[37.557706524000018,55.726746597000094]]]]}},
{"type":"Feature","properties":{"r_year_int":1687.0,"r_name":"Палаты царицы Евдокии Лопухиной","r_adress":"Новодевичий проезд, дом 1, строение 35","r_floors":2.0,"city":"old moscow","city_russian":"Москва (старая)","city_english":"Moscow (main)","r_years_str":"1687 г."},"geometry":{"type":"MultiPolygon","coordinates":[[[[37.557432947000024,55.726861600000078],[37.557370009000039,55.726812230000043],[37.557339735,55.726788083],[37.556906121000097,55.72695372700003],[37.556958868000081,55.726999959000111],[37.556983090000124,55.727021145000052],[37.557016874000055,55.727050769000066],[37.557110882000053,55.727014529000023],[37.557086980000044,55.726994690000033],[37.557432947000024,55.726861600000078]]]]}},
{"type":"Feature","properties":{"r_year_int":1680.0,"r_name":"Здание бывш. больничных палат Новодевичьего монастыря, в которых с 1939 г. по 1984 г. жил выдающийся архитектор - реставратор П.Д. Барановский","r_adress":"Новодевичий проезд, дом 1, строение 16","r_floors":1.0,"city":"old moscow","city_russian":"Москва (старая)","city_english":"Moscow (main)","r_years_str":"1680"},"geometry":{"type":"MultiPolygon","coordinates":[[[[37.55729395500007,55.725514404000052],[37.556972173000034,55.725195252000049],[37.556790829000114,55.725253717000058],[37.556878487000084,55.725341248000042],[37.556843648000083,55.725351683000035],[37.556878552,55.725386516000071],[37.556912595000064,55.725376261000029],[37.557047425000022,55.725507782000093],[37.557112927000063,55.725571791000085],[37.55729395500007,55.725514404000052]]]]}},
{"type":"Feature","properties":{"r_year_int":1525.0,"r_name":"Смоленский собор","r_adress":"Новодевичий проезд, дом 1, строение 5","r_floors":1.0,"city":"old moscow","city_russian":"Москва (старая)","city_english":"Moscow (main)","r_years_str":"1524-1525 гг."},"geometry":{"type":"MultiPolygon","coordinates":[[[[37.556699379000044,55.725847901000073],[37.556686639000084,55.725842517000039],[37.556673879000115,55.725822764000071],[37.556654768000094,55.725813880000047],[37.556632484000026,55.725812004000041],[37.55661020600008,55.725813811000087],[37.55659095400005,55.725817412],[37.556568788000078,55.725786885000012],[37.556542513000082,55.725776208000049],[37.556470122000064,55.725791421000089],[37.556431142000072,55.725799522000074],[37.556223516000031,55.725845064000055],[37.55615175,55.725740370000018],[37.556060743000074,55.725759452000041],[37.556136648000091,55.725864594000036],[37.556115328000025,55.725868376000065],[37.556189493000076,55.725981063000056],[37.556235745,55.726049752000058],[37.556297952000058,55.726146817000028],[37.556505580000106,55.726101724000031],[37.556584335000039,55.72608462200003],[37.556744231000046,55.726049520000046],[37.556731458000087,55.726020784000056],[37.556699448000103,55.726006428000048],[37.556721888000062,55.726006418000068],[37.556737636000065,55.726001022000041],[37.556760058000037,55.725988437000069],[37.556769576000093,55.725966877000076],[37.556759991,55.725941732000052],[37.556772697000085,55.725923763000061],[37.556779035000069,55.725904],[37.55677582,55.725881996000041],[37.556750328000078,55.725862248000084],[37.556699379000044,55.725847901000073]]]]}},
{"type":"Feature","properties":{"r_year_int":1682.0,"r_name":"Церковь Николы в Хамовниках. Трапезная. Ограда","r_adress":"улица Тимура Фрунзе, дом 1/2, строение 1","r_floors":1.0,"city":"old moscow","city_russian":"Москва (старая)","city_english":"Moscow (main)","r_years_str":"1679-1682 гг., начало XVIII в., 80-е гг. XIX в."},"geometry":{"type":"MultiPolygon","coordinates":[[[[37.591633233000088,55.732241133000052],[37.591634171000067,55.732233677000082],[37.591652792000083,55.732232586000052],[37.591670609000104,55.732228261000039],[37.591683169000063,55.732221695000071],[37.591691271000016,55.732214863000053],[37.591695232000085,55.732206866000034],[37.591696798000065,55.73219599700009],[37.591720493000018,55.73218627900004],[37.591726053000031,55.732181515000057],[37.591727949000081,55.732175765000086],[37.591726980000047,55.73216974800004],[37.591721396000018,55.732164094000034],[37.591683468000085,55.732145260000017],[37.591697605000071,55.732132675000067],[37.591671792000028,55.732121288000045],[37.5915620070001,55.732072868000031],[37.591586197000076,55.732070605000018],[37.59159733000007,55.732066644000049],[37.591608932000049,55.732058911000102],[37.591613059000061,55.732054058000095],[37.591615598,55.732051003000038],[37.59161732700008,55.732041211000052],[37.591614439000082,55.732031513000017],[37.591583675000038,55.732013034000047],[37.591565827000053,55.732004245],[37.591390380000057,55.731920485000039],[37.591312179000049,55.731969045000014],[37.591250823000031,55.731937385000052],[37.591206,55.731965081000055],[37.591159466000136,55.731941224000074],[37.591091755000043,55.731983129000085],[37.591136377000069,55.732006179000074],[37.591091395000014,55.73203387600006],[37.59116534100005,55.732072084000023],[37.591238649000047,55.732109933000039],[37.591258410000059,55.732119888000035],[37.591400086000078,55.732192535000067],[37.591457299000119,55.732221863000049],[37.591506383000059,55.732246885000045],[37.591523552000091,55.73223744200007],[37.591558932000034,55.732256008000022],[37.591571041000094,55.732260580000059],[37.591585212000055,55.732262814000102],[37.591598265000123,55.732262805000047],[37.591609403000049,55.732261090000087],[37.591617514000042,55.73225821000004],[37.591624030000034,55.732253624000052],[37.59163022300006,55.73224742200005],[37.591633233000088,55.732241133000052]]]]}},
{"type":"Feature","properties":{"r_year_int":1491.0,"r_name":"Спасо-Преображенский собор","r_adress":"Крестьянская площадь, дом 10, строение 12","r_floors":1.0,"city":"old moscow","city_russian":"Москва (старая)","city_english":"Moscow (main)","r_years_str":"1491 - 1497 гг., 1645 - 1647 гг., XVII в."},"geometry":{"type":"MultiPolygon","coordinates":[[[[37.656163465000063,55.731782761],[37.656003552000072,55.731757276000032],[37.655981539,55.731785237000061],[37.65592991700003,55.731893084000063],[37.655882239000043,55.731991853000061],[37.655868229000099,55.732031211000084],[37.655921900000095,55.732038508000066],[37.656345541000107,55.732097341000042],[37.656362741000095,55.732099564000066],[37.656384068000087,55.732098998000033],[37.656407287000029,55.732093849000094],[37.656421420000086,55.732085209000054],[37.656431418000111,55.732077831000034],[37.656438383000065,55.732068122000022],[37.656441501000046,55.732051591000051],[37.656461684000114,55.732043572000052],[37.656481856000035,55.732032678000039],[37.656497871000077,55.732017299000098],[37.656501957000089,55.732004181000043],[37.656498712000072,55.731988736000076],[37.656482549000067,55.731967111000081],[37.656520664000055,55.73190544800007],[37.656570199000086,55.73191337800008],[37.656595469000059,55.731903646],[37.656620587000063,55.731855741000061],[37.656163465000063,55.731782761]]]]}},
{"type":"Feature","properties":{"r_year_int":1645.0,"r_name":"Церковь Сорока мучеников в Новоспасской монастырской слободе. Колокольня","r_adress":"Динамовская улица, дом 28, строение 1","r_floors":3.0,"city":"old moscow","city_russian":"Москва (старая)","city_english":"Moscow (main)","r_years_str":"1645 г., 1801 г."},"geometry":{"type":"MultiPolygon","coordinates":[[[[37.659019523000019,55.731898833000059],[37.659026975000067,55.731891638000064],[37.659152480000039,55.731910338000063],[37.659164641000054,55.731886700000082],[37.659172759000093,55.731886690000081],[37.659186898,55.731879845000016],[37.659198967000052,55.731873004000064],[37.659211032,55.731864994],[37.65922117300002,55.731853574000063],[37.659225124000045,55.731846743000041],[37.659229215999986,55.73183533100007],[37.659231071000121,55.731821586000066],[37.659227045000115,55.731810185],[37.659223024000049,55.731799951],[37.659216953000033,55.7317943],[37.659160245000074,55.731784044000037],[37.659092551000072,55.731772905000057],[37.65910018500005,55.731771368000061],[37.659107649000056,55.731767317000042],[37.659113524000063,55.73176353700007],[37.659116372000064,55.731759312000044],[37.659123662000084,55.731751578000065],[37.659128242000108,55.731742590000053],[37.659129640000039,55.731734056000022],[37.659127219,55.731725796000042],[37.659123680000079,55.731716729000048],[37.659117450000053,55.731711168000061],[37.659109941000018,55.731704352000058],[37.659093993000106,55.731696828000068],[37.658564518000091,55.731602663000047],[37.65852106200002,55.73168113],[37.658488990000095,55.731740451000043],[37.658440787000053,55.731826019000046],[37.658999998000084,55.731912152000085],[37.65900778000001,55.731907651000043],[37.659014291000069,55.731903960000096],[37.659019523000019,55.731898833000059]]]]}},
{"type":"Feature","properties":{"r_year_int":1620.0,"r_name":"Палаты патриарха Филарета","r_adress":"Крестьянская площадь, дом 10, строение 20","r_floors":2.0,"city":"old moscow","city_russian":"Москва (старая)","city_english":"Moscow (main)","r_years_str":"1620 - 1640 гг."},"geometry":{"type":"MultiPolygon","coordinates":[[[[37.657194491000027,55.731438886000035],[37.65693499500005,55.731388201000073],[37.656828571000041,55.731562852000053],[37.657085519000127,55.731613271000093],[37.657366691000071,55.731670575000074],[37.657463079,55.731494230000102],[37.657194491000027,55.731438886000035]]]]}},
{"type":"Feature","properties":{"r_year_int":1670.0,"r_name":"Трапезная палата с церковью Покрова","r_adress":"Крестьянская площадь, дом 10, строение 11","r_floors":1.0,"city":"old moscow","city_russian":"Москва (старая)","city_english":"Moscow (main)","r_years_str":"XVI - XVII вв., 1670 - 1678 гг.,"},"geometry":{"type":"MultiPolygon","coordinates":[[[[37.655981539,55.731785237000061],[37.656003552000072,55.731757276000032],[37.656163465000063,55.731782761],[37.656190656000028,55.731775811000034],[37.656205741000043,55.731766720000017],[37.656213823,55.731757549000072],[37.656219822000047,55.731745057000069],[37.656219765000053,55.73173077600007],[37.656213668000099,55.73171874800007],[37.656239923,55.731716469000084],[37.656259167,55.731712493000018],[37.656275212,55.731704479000051],[37.656289335000103,55.731693593000038],[37.656300411000103,55.731677052000059],[37.656300325000068,55.731655406000115],[37.656289114000081,55.731638266000068],[37.656311376000041,55.731632579000063],[37.65632948500005,55.731623394000074],[37.656340588,55.731613680000059],[37.656346598,55.731603972000066],[37.656346535000075,55.731587985000054],[37.656340434000107,55.73157487900005],[37.656322234000037,55.731561250000034],[37.65619827000009,55.731529432000038],[37.655894258000053,55.731451676000091],[37.655726117000057,55.731638440000019],[37.655697907000018,55.731629314],[37.655548977000052,55.731804018000062],[37.655760445000062,55.731865365000019],[37.655789767000073,55.731873861000061],[37.655902502000032,55.731763692000065],[37.655981539,55.731785237000061]]]]}},
{"type":"Feature","properties":{"r_year_int":1506.0,"r_name":"Одностолпная трапезная палата, с церковью Михаила Архангела, с усыпальницей бояр Лопухиных","r_adress":"Андроньевская площадь, дом 10, строение 10","r_floors":0.0,"city":"old moscow","city_russian":"Москва (старая)","city_english":"Moscow (main)","r_years_str":"1504-1506 гг., 1691 г."},"geometry":{"type":"MultiPolygon","coordinates":[[[[37.6703741050001,55.749150037000064],[37.670316261000053,55.749031558000091],[37.670199455000073,55.749049683000081],[37.669994007000106,55.749081403000069],[37.669729849000106,55.749124880000053],[37.669841521000052,55.749354658000073],[37.669943367000059,55.749338350000052],[37.669931307000041,55.74931142200009],[37.670093628000089,55.749286049000055],[37.670079985000029,55.749261458000056],[37.67005011,55.749202669000063],[37.670261442000026,55.749169144000064],[37.6703741050001,55.749150037000064]]]]}},
{"type":"Feature","properties":{"r_year_int":1561.0,"r_name":"","r_adress":"улица Даниловский Вал, дом 22, строение 14","r_floors":3.0,"city":"old moscow","city_russian":"Москва (старая)","city_english":"Moscow (main)","r_years_str":"1561"},"geometry":{"type":"MultiPolygon","coordinates":[[[[37.631941993000105,55.710979976000019],[37.631934037000093,55.710979626000054],[37.631926083000081,55.710979814000055],[37.631918131000099,55.710980451000097],[37.631910339000036,55.710981537000066],[37.63190843200001,55.710981898000071],[37.631902867000072,55.710983072],[37.631895715000063,55.71098505600002],[37.631888882000055,55.710987398000043],[37.631882528000105,55.710990189000029],[37.631876811,55.710993339000041],[37.631871732000036,55.710996758000078],[37.631867131,55.711000535000046],[37.631863485000039,55.711004491000047],[37.631860476000014,55.711008626000101],[37.631858264000051,55.711013029000064],[37.631856847000037,55.711017432000062],[37.631856225000071,55.711021923000018],[37.63185655900007,55.71102641400006],[37.631857687000021,55.711030903000058],[37.631859611000017,55.711035302000049],[37.631862330000054,55.711039521000025],[37.631865685000037,55.71104364900004],[37.631868397000041,55.711045981000034],[37.631869993000073,55.711047417000053],[37.631874937000056,55.711051004000069],[37.631880516000059,55.711054232000045],[37.631886571000095,55.71105718900003],[37.631893261000059,55.71105969700006],[37.631900268000031,55.71106184500006],[37.631907592000033,55.711063544000098],[37.631915392000053,55.711064793000034],[37.631923190000052,55.711065503000043],[37.631931145000067,55.711065854000068],[37.631939099000064,55.711065666000096],[37.631947052000065,55.711065118000079],[37.631954844000049,55.71106403200011],[37.631962316000084,55.711062497000064],[37.631969468000101,55.711060513000071],[37.631976301000094,55.711058081000033],[37.631982655000058,55.71105529000004],[37.631988372000073,55.711052230000085],[37.631993451000035,55.711048722000051],[37.631998052000057,55.711045034000023],[37.632001698000025,55.711040988000072],[37.632004706000046,55.711036854000028],[37.632006919000013,55.711032540000055],[37.632008336000034,55.711028048000045],[37.632008957,55.711023556000029],[37.632008624,55.711019065000087],[37.632007654000056,55.711014576000082],[37.63200573000006,55.711010177000098],[37.632003012000027,55.711005958000044],[37.631999498000027,55.711001920000065],[37.631995190000076,55.710998063000034],[37.631990246000022,55.710994475000064],[37.6319848260001,55.710991247000059],[37.631978612000069,55.710988380000103],[37.631972081000107,55.710985872000045],[37.631964914000015,55.71098372400008],[37.631957591000031,55.710982025000092],[37.631949950000028,55.710980776000021],[37.631941993000105,55.710979976000019]]]]}},
{"type":"Feature","properties":{"r_year_int":1561.0,"r_name":"","r_adress":"улица Даниловский Вал, дом 22, строение 16","r_floors":3.0,"city":"old moscow","city_russian":"Москва (старая)","city_english":"Moscow (main)","r_years_str":"1561"},"geometry":{"type":"MultiPolygon","coordinates":[[[[37.630911265000066,55.710220859000067],[37.630911588000103,55.710222116000075],[37.630913511000102,55.710226515000031],[37.630916230000047,55.710230734000042],[37.630919584000033,55.71023486200005],[37.630923892000062,55.710238630000077],[37.630928836000045,55.710242217000037],[37.630934256000039,55.710245445000083],[37.630940470000084,55.710248402000047],[37.630947001000031,55.710250910000084],[37.63095416700002,55.710253058],[37.630961491000029,55.710254757],[37.630969131000029,55.710256006000087],[37.630977088000044,55.710256806000032],[37.630985043000052,55.710257067000029],[37.63099299700005,55.710256969000078],[37.631000949000047,55.710256332000021],[37.631002698000053,55.71025606000002],[37.631008741000116,55.710255246000017],[37.631016213000073,55.71025371100005],[37.631023365,55.710251727000085],[37.631030198000076,55.710249295000033],[37.63103655200004,55.710246593000093],[37.631042269000048,55.710243444000085],[37.631047348000017,55.710239935000047],[37.631051949000046,55.710236248000051],[37.631055595000106,55.710232292000065],[37.631058604000032,55.710228068000021],[37.631060816000094,55.710223754],[37.631062233000094,55.710219262000074],[37.631062854000071,55.710214770000029],[37.631062521000075,55.710210280000041],[37.631061393000024,55.71020579],[37.631059469000036,55.710201391000034],[37.63105675,55.710197172000036],[37.631053396000013,55.710193134000072],[37.631049088000061,55.710189276000051],[37.631044145,55.710185779],[37.63103856500009,55.71018246200002],[37.631032511000065,55.710179594000088],[37.631025980000096,55.710177086000051],[37.631018814000107,55.71017493800008],[37.63101149000002,55.710173239000014],[37.631003691000011,55.710171990000063],[37.630995893000012,55.710171190000047],[37.630987937000086,55.710170839000078],[37.630979984000085,55.710171027000072],[37.630972031000091,55.71017166400005],[37.630964240000026,55.710172750000027],[37.630956768000075,55.710174285000051],[37.630949616000052,55.710176269000044],[37.630942783000059,55.710178611000032],[37.630936428,55.710181402000046],[37.630930712000094,55.710184552000058],[37.630925633000032,55.710187971000039],[37.630921032000096,55.710191748000057],[37.630917386000043,55.710195704000064],[37.630914377000103,55.710199928000044],[37.630912164000044,55.710204242000032],[37.63091074700003,55.710208645000122],[37.630910126000067,55.710213136000021],[37.63091045900007,55.710217716000024],[37.630911265000066,55.710220859000067]]]]}},
{"type":"Feature","properties":{"r_year_int":1561.0,"r_name":"","r_adress":"улица Даниловский Вал, дом 22, строение 17","r_floors":3.0,"city":"old moscow","city_russian":"Москва (старая)","city_english":"Moscow (main)","r_years_str":"1561"},"geometry":{"type":"MultiPolygon","coordinates":[[[[37.629008593000037,55.710512439000105],[37.629001115000058,55.710512088],[37.628993639000086,55.710512275000035],[37.628986163000022,55.710512822000076],[37.628978849000077,55.710513907000063],[37.628971853000046,55.710515262000079],[37.628965178000065,55.710517155000069],[37.628958822000101,55.710519407000021],[37.628952944000069,55.710522018000049],[37.628947545000074,55.71052489800006],[37.628942624000018,55.710528136000015],[37.628938499000107,55.710531644000049],[37.628934852000036,55.710535420000021],[37.628932160000041,55.710539285000038],[37.62893010600007,55.710543418000022],[37.628928688000059,55.710547551999987],[37.628928224000084,55.710551773000077],[37.628928397000074,55.710555995000057],[37.628929525000032,55.710560215000058],[37.628931288000089,55.710564255000044],[37.628933847000027,55.710568294000048],[37.628937041,55.710572063000029],[37.628941030000099,55.710575652],[37.628945654000049,55.710578970000029],[37.628950914000029,55.710582018000068],[37.628956650000134,55.710584797000088],[37.628962862000066,55.710587125000075],[37.628969392000023,55.710589095000081],[37.628976397,55.710590704000019],[37.628983559000062,55.710591864000016],[37.628990880000039,55.710592665],[37.628998358000025,55.710592926000075],[37.629005835000079,55.71059282900007],[37.629013310000055,55.710592192000028],[37.629020625000102,55.710591196000067],[37.629027620000031,55.710589752000018],[37.629034455000031,55.710587949000036],[37.629040811000081,55.710585696000102],[37.629046689000027,55.710583086000049],[37.629052088000016,55.710580116000095],[37.629054310000036,55.710578587000029],[37.629056850000076,55.71057687800004],[37.629061134000082,55.710573370000063],[37.629064621000033,55.710569684000035],[37.629067472000052,55.710565729000052],[37.629069527000112,55.710561685000073],[37.629070786000028,55.71055755200009],[37.629071408000087,55.71055333000001],[37.629071076000102,55.71054910900007],[37.629070108000072,55.710544889000083],[37.629068185000072,55.710540759000097],[37.62906562700006,55.710536810000065],[37.629062433000087,55.710532951000019],[37.62905844400008,55.710529362000074],[37.629053819000028,55.71052604400009],[37.62904871800005,55.71052299500009],[37.629042982000051,55.710520307000046],[37.629036770000013,55.710517888000027],[37.62903008200005,55.710515919000052],[37.629023236000087,55.710514310000079],[37.629015914000014,55.710513150000033],[37.629008593000037,55.710512439000105]]]]}},
{"type":"Feature","properties":{"r_year_int":1561.0,"r_name":"","r_adress":"улица Даниловский Вал, дом 22, строение 20","r_floors":3.0,"city":"old moscow","city_russian":"Москва (старая)","city_english":"Moscow (main)","r_years_str":"1561"},"geometry":{"type":"MultiPolygon","coordinates":[[[[37.629196622000087,55.711427125000078],[37.62918994000006,55.711426862000032],[37.629183099000031,55.711426959000057],[37.629176260000101,55.711427505000074],[37.629169581,55.711428411000014],[37.629163222000024,55.711429675000041],[37.629157023000047,55.711431388000065],[37.629151302000018,55.711433460000059],[37.629145901000108,55.711435801000036],[37.629140978000052,55.711438500000021],[37.6291365330001,55.71144146900005],[37.629132725000026,55.711444616000037],[37.62912955500007,55.711448033000096],[37.629127021000073,55.711451628000113],[37.629125124000019,55.71145531300003],[37.6291238640001,55.711459086000033],[37.629123399000036,55.711462949000065],[37.629123571000022,55.711466811000058],[37.629124538000042,55.711470582000054],[37.629126300000109,55.711474353000057],[37.629128539000106,55.711477943000048],[37.629131574000056,55.711481443000075],[37.629135084000033,55.711484673000022],[37.629139390000063,55.711487722000044],[37.629144013,55.711490501000064],[37.629149271000081,55.711493011000073],[37.629155005000065,55.711495160000055],[37.629161057,55.711496950000047],[37.629167266,55.71149847100002],[37.629173951000055,55.71149954200007],[37.629180635000075,55.711500163000018],[37.629187477000116,55.71150042600005],[37.629194159000043,55.711500329000032],[37.629200998000073,55.711499783000065],[37.629207677000082,55.711498878000064],[37.629214036000064,55.711497524000052],[37.629220235000027,55.711495900000038],[37.629225956000063,55.711493829000062],[37.629231357000066,55.711491488000036],[37.629236280000036,55.711488788000054],[37.629240725000066,55.711485819000082],[37.629244533000055,55.711482672000024],[37.629247703,55.711479255],[37.6292502370001,55.711475660000055],[37.629252134000055,55.711471975000087],[37.629253394000074,55.711468202000056],[37.629253859000038,55.711464339000031],[37.629253687000073,55.711460477000067],[37.629253365000032,55.711459220000052],[37.629252720000054,55.711456616000049],[37.629250958000071,55.711452935000075],[37.629248718000063,55.711449255000034],[37.629245684000111,55.711445845000085],[37.629242173000037,55.71144252600007],[37.629237868000104,55.711439476000081],[37.629233245000073,55.711436697000075],[37.629227987000014,55.711434277000095],[37.629222253000101,55.711432128000062],[37.62921636,55.711430248000049],[37.629209992000071,55.711428817000076],[37.629203465000032,55.711427746000012],[37.629196622000087,55.711427125000078]]]]}},
{"type":"Feature","properties":{"r_year_int":1652.0,"r_name":"","r_adress":"проспект Андропова, дом 39, строение 11","r_floors":1.0,"city":"old moscow","city_russian":"Москва (старая)","city_english":"Moscow (main)","r_years_str":"1652"},"geometry":{"type":"MultiPolygon","coordinates":[[[[37.678605966000084,55.673112310000093],[37.678642423000028,55.673090791000057],[37.678604346000043,55.673070637000095],[37.678624793000068,55.673058302000094],[37.678535095000022,55.673010559000012],[37.678455050000018,55.67305854900011],[37.678544748000064,55.673106292000064],[37.67856804900002,55.673092426],[37.678605966000084,55.673112310000093]]]]}},
{"type":"Feature","properties":{"r_year_int":1670.0,"r_name":"Церковь Георгия Победоносца в Коломенском","r_adress":"проспект Андропова, дом 39, строение 4","r_floors":3.0,"city":"old moscow","city_russian":"Москва (старая)","city_english":"Moscow (main)","r_years_str":"1670"},"geometry":{"type":"MultiPolygon","coordinates":[[[[37.670013319000063,55.667068483000072],[37.670000285000086,55.667067872000082],[37.669989164000057,55.66706851600005],[37.669980114000076,55.66707023500004],[37.669972021000063,55.667073031000044],[37.669963937,55.667077623000075],[37.669955854000044,55.667082754000042],[37.669951896000079,55.667086172000026],[37.669945890000101,55.667093635000043],[37.66994384400008,55.667098219000046],[37.66994291300005,55.66710334000004],[37.669944847000096,55.667109625000101],[37.669947893000014,55.667115907999985],[37.669952037,55.667118686000023],[37.669957142,55.667123260000039],[37.66996319500003,55.667126665000069],[37.669971151000034,55.667128989000055],[37.669979263000037,55.667130684],[37.669988326000087,55.667131839000056],[37.669997547000051,55.667132905000045],[37.670005493000104,55.667132894000083],[37.670010578000095,55.667132887000044],[37.670017727000101,55.667132338000023],[37.67002566700004,55.667131159000057],[37.670033759000042,55.667128274000035],[37.670040895000078,55.667124851000047],[37.670046919000058,55.667121429000034],[37.670051828000048,55.667117471000061],[37.670055945000016,55.667114052000024],[37.670058945000079,55.667109467000024],[37.670059876000032,55.667104346000038],[37.67005984900009,55.667098059000061],[37.670059827000074,55.667092939000035],[37.670057900000067,55.667088361000033],[37.670055822000087,55.667085490000012],[37.670051678000078,55.667082621000091],[37.670046737000021,55.667079215000037],[37.670040683,55.66707581],[37.67003765700008,55.667074108000058],[37.670029542000073,55.66707187400003],[37.670019362000026,55.667069552000051],[37.670013319000063,55.667068483000072]]]]}},
{"type":"Feature","properties":{"r_year_int":1637.0,"r_name":"Церковь Георгия в Лучниках","r_adress":"Лубянский проезд, дом 9, строение 2","r_floors":2.0,"city":"old moscow","city_russian":"Москва (старая)","city_english":"Moscow (main)","r_years_str":"1637 г., 1693 г."},"geometry":{"type":"MultiPolygon","coordinates":[[[[37.63047673100008,55.75820066800005],[37.630233572000108,55.758124132000013],[37.630201817000106,55.758154703000031],[37.630098972000013,55.758122028000059],[37.630032800000059,55.758100991000084],[37.629908942000078,55.758216088000026],[37.630069205000034,55.75827160500004],[37.630031090000053,55.758305776000029],[37.630290201999976,55.75838948100008],[37.630318873000064,55.758389451],[37.630344328000092,55.758380442000039],[37.630360221000011,55.75836964700008],[37.630366556000077,55.758358863000076],[37.630366502000101,55.758342696000064],[37.630395161000038,55.758339073000052],[37.630414251000047,55.758331867000017],[37.630433329,55.758321069000033],[37.630442820000013,55.758301299000024],[37.630436371000073,55.758277953000054],[37.630484078000102,55.758254551000071],[37.63049677200005,55.758240166000064],[37.630493497000067,55.758213225000112],[37.63047673100008,55.75820066800005]]]]}},
{"type":"Feature","properties":{"r_year_int":1486.0,"r_name":"Церковь Ризоположения","r_adress":"Кремлёвская набережная, домовладение 1, строение 13","r_floors":4.0,"city":"old moscow","city_russian":"Москва (старая)","city_english":"Moscow (main)","r_years_str":"1486"},"geometry":{"type":"MultiPolygon","coordinates":[[[[37.616447355000069,55.750855561000016],[37.616506932000043,55.750861342000071],[37.616678655000058,55.750877976000019],[37.616696335,55.750825326000026],[37.616702859000014,55.75082370300003],[37.616708426000059,55.750821363000064],[37.616717012000073,55.750816684],[37.616722725000074,55.750810212],[37.616724774000019,55.75080293500006],[37.61672523400005,55.750796917000059],[37.616722033000038,55.75079162100004],[37.616718673000037,55.75078632500005],[37.616714521000098,55.750782377000064],[37.616710051000034,55.750778788000055],[37.616712258000064,55.750771241000024],[37.616703487,55.750767118],[37.616715886000037,55.750759652000042],[37.616729487,55.750727664000046],[37.616575431000044,55.750707691000038],[37.616561831000084,55.750739678000052],[37.616509102000087,55.750733980000092],[37.616499630000057,55.750761922000045],[37.616480673000112,55.75075987400006],[37.616447355000069,55.750855561000016]]]]}},
{"type":"Feature","properties":{"r_year_int":1642.0,"r_name":"","r_adress":"Крестьянская площадь, дом 10, строение 9","r_floors":3.0,"city":"old moscow","city_russian":"Москва (старая)","city_english":"Moscow (main)","r_years_str":"1642"},"geometry":{"type":"MultiPolygon","coordinates":[[[[37.655381711000125,55.731690161000074],[37.655246115000061,55.731655033000031],[37.655166518000051,55.731692767000027],[37.655163540000075,55.73174459600007],[37.655183772,55.731748881000044],[37.655297202,55.731773528000076],[37.655381711000125,55.731690161000074]]]]}},
{"type":"Feature","properties":{"r_year_int":1642.0,"r_name":"","r_adress":"Крестьянская площадь, дом 10, строение 28","r_floors":3.0,"city":"old moscow","city_russian":"Москва (старая)","city_english":"Moscow (main)","r_years_str":"1642"},"geometry":{"type":"MultiPolygon","coordinates":[[[[37.657284602000075,55.732673940000069],[37.657228078000045,55.732669791000014],[37.657175439000099,55.732682073000063],[37.657140681000023,55.732707626000021],[37.657133327000075,55.732739431000034],[37.657155095000114,55.732769222000066],[37.657200220999989,55.732788745000043],[37.65725674600003,55.732792984000071],[37.657309544000078,55.73278070100011],[37.657344142000056,55.732755149000035],[37.657351655000106,55.732723254000035],[37.657329888000078,55.732693552000022],[37.657284602000075,55.732673940000069]]]]}},
{"type":"Feature","properties":{"r_year_int":1642.0,"r_name":"","r_adress":"Крестьянская площадь, дом 10, строение 29","r_floors":3.0,"city":"old moscow","city_russian":"Москва (старая)","city_english":"Moscow (main)","r_years_str":"1642"},"geometry":{"type":"MultiPolygon","coordinates":[[[[37.655000763000018,55.732403611000031],[37.654958225000016,55.732394144000068],[37.654913035000085,55.732398063000055],[37.654877284000051,55.732414185000017],[37.65486050600002,55.732438188000067],[37.654867451000072,55.732463687000063],[37.654896023000077,55.73248386000008],[37.654938561000073,55.732493327000043],[37.654983752000092,55.732489408000028],[37.655019503000034,55.732473286000072],[37.655036281000072,55.732449284000054],[37.655029335000101,55.732423694000026],[37.655000763000018,55.732403611000031]]]]}},
{"type":"Feature","properties":{"r_year_int":1684.0,"r_name":"Колокольня храма Рождества Пресвятой Богородицы в Бутырской слободе","r_adress":"Бутырская улица, дом 56","r_floors":0.0,"city":"old moscow","city_russian":"Москва (старая)","city_english":"Moscow (main)","r_years_str":"1684"},"geometry":{"type":"MultiPolygon","coordinates":[[[[37.583877843000025,55.800950856000028],[37.583772594000081,55.800947334000043],[37.583766343000057,55.801006617000063],[37.583871591000076,55.801010139],[37.583877843000025,55.800950856000028]]]]}},
{"type":"Feature","properties":{"r_year_int":1658.0,"r_name":"Храм в честь Воздвижения Креста Господня на Чистом (Пометном) Вражке","r_adress":"1-й переулок Тружеников, дом 8/1","r_floors":3.0,"city":"old moscow","city_russian":"Москва (старая)","city_english":"Moscow (main)","r_years_str":"1658 г., 1846 г., 1890-е гг., 1901 г."},"geometry":{"type":"MultiPolygon","coordinates":[[[[37.574597377000096,55.73876076600007],[37.574593379000099,55.738751607],[37.57458923100009,55.738747029000088],[37.574579189,55.738740298999986],[37.574544779,55.738728913],[37.5745610110001,55.738725400000092],[37.574575169000099,55.738719643000088],[37.574587249000103,55.738709397000072],[37.574589127000095,55.738692330000077],[37.574581137000102,55.738676348000105],[37.5745567620001,55.738667291000098],[37.574534624000101,55.738662723],[37.574556723000093,55.738646723000102],[37.574558771000099,55.738635315000103],[37.574556686000101,55.738627322000085],[37.5745506190001,55.738618164000101],[37.574538505000099,55.738610178],[37.574522253,55.738603362000077],[37.574510152000094,55.738602291000092],[37.574453641,55.738605649000085],[37.574109809,55.738628669000093],[37.574117100000095,55.738696117000103],[37.573982907,55.73870365300008],[37.573993359000099,55.738758793999978],[37.574134718000096,55.738752063000071],[37.574146312,55.738821754000071],[37.574546976000093,55.73879609500009],[37.574565121,55.738793928000078],[37.574579284,55.738790417000097],[37.574593438000093,55.738782414000084],[37.574599468,55.738772171000093],[37.574597377000096,55.73876076600007]]]]}},
{"type":"Feature","properties":{"r_year_int":1644.0,"r_name":"Church of the Assumption of the Most Holy Theotokos","r_adress":"улица Юности, дом 17","r_floors":2.0,"city":"old moscow","city_russian":"Москва (старая)","city_english":"Moscow (main)","r_years_str":"1644"},"geometry":{"type":"MultiPolygon","coordinates":[[[[37.798619509000027,55.723731435],[37.798621291000103,55.723714635000071],[37.798641213000039,55.723718449000053],[37.798668106000086,55.723718204000107],[37.79869417500003,55.723714278000045],[37.798717670000073,55.72370667700006],[37.798737005000113,55.723696121000017],[37.798751070000051,55.723683153000081],[37.798759076000096,55.723668673000091],[37.798760391000016,55.723653401000036],[37.798755026,55.723638504000071],[37.798743146000092,55.723624880000031],[37.798725711000024,55.72361324600007],[37.798703682000053,55.723604498000036],[37.798678497,55.723599080000042],[37.798651589,55.723597439000066],[37.798633305000081,55.723599729000057],[37.798635529000101,55.723578257000057],[37.798368421000077,55.723569294000086],[37.798365606000026,55.723596696000065],[37.798244476000036,55.723593666000035],[37.7982304700001,55.723593431000012],[37.798216797000094,55.723595170000038],[37.798204253000016,55.723598794000033],[37.798193789000045,55.723604028000054],[37.79818588200007,55.723610604000029],[37.798181165000067,55.723618071000054],[37.798179766000025,55.723622565],[37.798178854000085,55.723669991000072],[37.798178890000067,55.723674661000082],[37.798180045000038,55.723680137000038],[37.798182788000112,55.723685071000013],[37.798187596000098,55.723689460000067],[37.798194308000063,55.723693126000022],[37.798202284000091,55.723695622],[37.798211206000111,55.723696948000047],[37.798232532000021,55.723697076000057],[37.798354771000064,55.723699384000049],[37.798352400000077,55.72372247300008],[37.798360041000095,55.723722724000041],[37.798619509000027,55.723731435]]]]}},
{"type":"Feature","properties":{"r_year_int":1654.0,"r_name":"Церковь Георгия в Яндове","r_adress":"Садовническая улица, дом 6, строение 11","r_floors":3.0,"city":"old moscow","city_russian":"Москва (старая)","city_english":"Moscow (main)","r_years_str":"1654 г."},"geometry":{"type":"MultiPolygon","coordinates":[[[[37.627161868,55.747334920000057],[37.627133040000089,55.74733315400006],[37.627047223000012,55.747336835000063],[37.62704649100008,55.747356595000035],[37.626680293000078,55.747371792000074],[37.626695960000056,55.747538836000047],[37.626973785000061,55.747524628000079],[37.626992891000043,55.747523710000067],[37.627060234000062,55.747519240000024],[37.62707551000004,55.747515901000064],[37.627085353000062,55.747506460000039],[37.627076885000051,55.747497846000066],[37.627059672,55.747493104000071],[37.627174288000028,55.747482207000054],[37.62719335600012,55.747469613000057],[37.627196482000045,55.747451647000055],[37.62717398300007,55.747437299000048],[37.627193175000102,55.747413927000082],[37.627189944000044,55.747399559000051],[37.627177164000067,55.747386998000074],[37.627161229000116,55.747383422000077],[37.627184248000049,55.747361842000018],[37.627184213000064,55.747351064000057],[37.627177815,55.747342089000014],[37.627161868,55.747334920000057]]]]}},
{"type":"Feature","properties":{"r_year_int":1656.0,"r_name":"Церковь Николы на Берсеневке","r_adress":"Берсеневская набережная, дом 18-20-22, строение 2","r_floors":0.0,"city":"old moscow","city_russian":"Москва (старая)","city_english":"Moscow (main)","r_years_str":"1656 г."},"geometry":{"type":"MultiPolygon","coordinates":[[[[37.610909701000061,55.743819453000114],[37.610935126000122,55.743801466000015],[37.610794847000115,55.743744110000073],[37.610810729000086,55.743729725],[37.610794786000014,55.743722554000037],[37.610804317000031,55.743714461000067],[37.61081384700006,55.743706369000037],[37.610723782000051,55.743669176000097],[37.610745230000056,55.74365254100011],[37.610712551000063,55.743639097000028],[37.61069110300005,55.743655733000061],[37.610612994000093,55.743623918000068],[37.610516873000051,55.743697744000016],[37.610496468000051,55.743689319000048],[37.61047622400006,55.743681074000087],[37.610450009000076,55.743701307000052],[37.610469936000051,55.743709822],[37.610490658000067,55.743717887000059],[37.610406451000074,55.743782181],[37.610442320000026,55.74379786700009],[37.61042786100009,55.743808658000063],[37.610412926000045,55.743819899000052],[37.610440026000049,55.743831551000035],[37.610455121,55.743820400000061],[37.610469421000019,55.743809519000095],[37.61057782400011,55.7438561270001],[37.610612098000047,55.743870916000063],[37.610690213000019,55.743904527000062],[37.61074760300005,55.743929175000076],[37.610792094,55.743896801000083],[37.610820754000038,55.743896776000078],[37.610843025000037,55.743889570000043],[37.610852548000032,55.743878873000028],[37.610852502000085,55.743862616000058],[37.61087478300005,55.743859004000058],[37.610897054000063,55.743851798000051],[37.610909757000051,55.743839302000033],[37.610909701000061,55.743819453000114]]]]}},
{"type":"Feature","properties":{"r_year_int":1682.0,"r_name":"Церковь Софии, 1682 г. Трапезная 1891-1893 гг.","r_adress":"Болотная улица, дом 14, строение 4","r_floors":0.0,"city":"old moscow","city_russian":"Москва (старая)","city_english":"Moscow (main)","r_years_str":"1682 г. 1891-1893 гг."},"geometry":{"type":"MultiPolygon","coordinates":[[[[37.62191798100006,55.747272407000082],[37.621851085000031,55.747267084000029],[37.62170645800007,55.747254473000041],[37.621676081,55.747317644000049],[37.621828987000093,55.747329978000032],[37.62207427400002,55.747349585000045],[37.62209398300007,55.747286603000099],[37.622078055000074,55.747285272000077],[37.622009566000024,55.747280040000092],[37.62191798100006,55.747272407000082]]]]}},
{"type":"Feature","properties":{"r_year_int":1682.0,"r_name":"Церковь Софии. Трапезная","r_adress":"Софийская набережная, дом 32, строение 14","r_floors":1.0,"city":"old moscow","city_russian":"Москва (старая)","city_english":"Moscow (main)","r_years_str":"1682 г.,1891-1893 гг."},"geometry":{"type":"MultiPolygon","coordinates":[[[[37.621874231000078,55.747797521000017],[37.621877281000017,55.747754316000062],[37.622042895000028,55.747755949000052],[37.622061987000045,55.747750541000045],[37.622065138,55.747739759000076],[37.622045985000057,55.747725408000036],[37.62206825600007,55.747718200000037],[37.622068222000088,55.747707512000012],[37.622056234000055,55.747693063000028],[37.622072125000066,55.747682270000027],[37.622072086000074,55.747669695000084],[37.622046574000059,55.747658942000022],[37.621896873000068,55.747653701000047],[37.621903098000075,55.747606990000094],[37.621567857000102,55.747592951000051],[37.62153739500009,55.747783393000056],[37.621874231000078,55.747797521000017]]]]}}
]
}
