{
"type": "FeatureCollection",
"name": "all_cities_181123",
"crs": { "type": "name", "properties": { "name": "urn:ogc:def:crs:OGC:1.3:CRS84" } },
"features": [
{"type":"Feature","properties":{"r_year_int":1961.0,"r_name":"Детская поликлиника № 139 ЦАО","r_adress":"Проточный переулок, дом 3-5, строение 1","r_style":null,"r_url":null,"isApartmentBuilding":null,"livingQuarters":null,"r_floors":3.0,"city":"old moscow","r_architect":"","r_photo_url":"","r_years_str":"1961","r_mkrf":null,"r_wikipedia":"","r_wikidata":null,"r_cw_url":null,"r_copyrights":null,"city_russian":"Москва (старая)","city_english":"Moscow (main)","area_python":2418.5268101956217,"area_qgis":767.94391923483272},"geometry":{"type":"MultiPolygon","coordinates":[[[[37.581260276000094,55.750206180000063],[37.581258813000055,55.750191630000067],[37.581296233000074,55.750190348000068],[37.581292984000051,55.750159363000101],[37.581576427000059,55.750149746000041],[37.581563404000036,55.750013232000079],[37.581429639000099,55.750015117],[37.581388077000064,55.750015863000044],[37.581330275000035,55.750018236000031],[37.581327217000066,55.750002520000081],[37.581228809000052,55.750006178000049],[37.581228483000089,55.750002585000047],[37.581174342000018,55.750004597000036],[37.581174828,55.750008189000013],[37.581073712,55.750011579000038],[37.581073588000059,55.750028914000033],[37.581018016,55.750031555000085],[37.580979798000072,55.750032029000053],[37.580855595000031,55.750037499000015],[37.580866178000115,55.750150212999984],[37.580814426000096,55.750152043000085],[37.580814471000025,55.750173599000043],[37.580868615000028,55.750173564000065],[37.58100237500004,55.750168985000037],[37.58100560600009,55.750191527000034],[37.58105019200012,55.750189612000028],[37.581050147,55.750167607000023],[37.581152058000036,55.750163947000019],[37.581155944000024,55.750194842000028],[37.581199417000093,55.750193555000067],[37.581200562000028,55.750208375000057],[37.581260276000094,55.750206180000063]]]]}},
{"type":"Feature","properties":{"r_year_int":1876.0,"r_name":"Особняк XIX века","r_adress":"Шубинский переулок, дом 6, строение 4","r_style":null,"r_url":null,"isApartmentBuilding":null,"livingQuarters":null,"r_floors":0.0,"city":"old moscow","r_architect":"","r_photo_url":"","r_years_str":"1876","r_mkrf":null,"r_wikipedia":"","r_wikidata":null,"r_cw_url":null,"r_copyrights":null,"city_russian":"Москва (старая)","city_english":"Moscow (main)","area_python":880.5621404002153,"area_qgis":279.64523695968091},"geometry":{"type":"MultiPolygon","coordinates":[[[[37.57734488800007,55.746926329000097],[37.577336883,55.746904599000089],[37.577193293000043,55.746925257000065],[37.57720145900003,55.746948065000034],[37.576997375000104,55.746976844000066],[37.577039928,55.747077054000052],[37.577345896000097,55.747033750000035],[37.577379925000081,55.747009837000078],[37.57734488800007,55.746926329000097]]]]}},
{"type":"Feature","properties":{"r_year_int":1992.0,"r_name":"Административно-офисное здание","r_adress":"1-й Смоленский переулок, дом 17А","r_style":null,"r_url":null,"isApartmentBuilding":null,"livingQuarters":null,"r_floors":2.0,"city":"old moscow","r_architect":"","r_photo_url":"","r_years_str":"1992","r_mkrf":null,"r_wikipedia":"","r_wikidata":null,"r_cw_url":null,"r_copyrights":null,"city_russian":"Москва (старая)","city_english":"Moscow (main)","area_python":3706.0676739560276,"area_qgis":1176.8787959660403},"geometry":{"type":"MultiPolygon","coordinates":[[[[37.579528821000096,55.748348902000025],[37.57953515800007,55.748332731000062],[37.579567010000069,55.748334507000067],[37.57957330700004,55.748299025000058],[37.579541459000055,55.748299046000021],[37.579557275000091,55.748245594000089],[37.579572300000102,55.748194838000089],[37.578522707000012,55.748097160000015],[37.578506106000077,55.74815689900003],[37.578496620000067,55.748191036000037],[37.578478432000054,55.74825347000003],[37.57904065700005,55.748304756000024],[37.579123477000067,55.748312338000069],[37.579528821000096,55.748348902000025]]]]}},
{"type":"Feature","properties":{"r_year_int":2004.0,"r_name":"Многоквартирный жилой дом","r_adress":"2-й Вражский переулок, дом 1, корпус 1","r_style":null,"r_url":null,"isApartmentBuilding":1.0,"livingQuarters":12.0,"r_floors":5.0,"city":"old moscow","r_architect":"","r_photo_url":"","r_years_str":"2004","r_mkrf":null,"r_wikipedia":"","r_wikidata":null,"r_cw_url":null,"r_copyrights":null,"city_russian":"Москва (старая)","city_english":"Moscow (main)","area_python":2585.6545672899597,"area_qgis":821.48257587989792},"geometry":{"type":"MultiPolygon","coordinates":[[[[37.573850194000059,55.738906270000015],[37.573805906000047,55.738720734000026],[37.573220442000022,55.738765273000055],[37.573224134000021,55.738781168000074],[37.573078165000041,55.738792212000092],[37.573107368000123,55.738914616000031],[37.573315894000068,55.738898774000056],[37.57331974500007,55.738914580000042],[37.573579527000092,55.738894755000061],[37.573587069000013,55.738926366000072],[37.573850194000059,55.738906270000015]]]]}},
{"type":"Feature","properties":{"r_year_int":null,"r_name":"","r_adress":null,"r_style":null,"r_url":null,"isApartmentBuilding":null,"livingQuarters":null,"r_floors":0.0,"city":"old moscow","r_architect":"","r_photo_url":"","r_years_str":"","r_mkrf":null,"r_wikipedia":"","r_wikidata":null,"r_cw_url":null,"r_copyrights":null,"city_russian":"Москва (старая)","city_english":"Moscow (main)","area_python":2426.281150456181,"area_qgis":769.56803252897225},"geometry":{"type":"MultiPolygon","coordinates":[[[[37.563561700000058,55.771427000000109],[37.563117299000041,55.771387],[37.563123900000051,55.771363800000096],[37.562979401000042,55.77135080000005],[37.562994700000054,55.77129700100005],[37.562113200000084,55.771217600000092],[37.562097899000079,55.771271300000052],[37.562740699000059,55.771329300000083],[37.562716500000043,55.771414501000038],[37.562915400000044,55.771432401000048],[37.562917800000072,55.7714238],[37.563102101000048,55.771440400000053],[37.563098799000038,55.771452100000033],[37.563543199000051,55.771492100000039],[37.563561700000058,55.771427000000109]]]]}},
{"type":"Feature","properties":{"r_year_int":1812.0,"r_name":"Памятник архитектуры «Городская усадьба. Северный корпус»","r_adress":"Погодинская улица, дом 18/1, строение 1","r_style":null,"r_url":null,"isApartmentBuilding":null,"livingQuarters":null,"r_floors":3.0,"city":"old moscow","r_architect":"","r_photo_url":"","r_years_str":"1812","r_mkrf":null,"r_wikipedia":"","r_wikidata":null,"r_cw_url":null,"r_copyrights":null,"city_russian":"Москва (старая)","city_english":"Moscow (main)","area_python":1815.3326974411416,"area_qgis":577.00045535620302},"geometry":{"type":"MultiPolygon","coordinates":[[[[37.562780124000021,55.730201913000023],[37.562444192000036,55.730045801000095],[37.562341328000038,55.730120042000067],[37.56240806600006,55.730149648000086],[37.5621270870001,55.730219398],[37.562200151000063,55.730324268000047],[37.562206214000028,55.730333426000065],[37.562780124000021,55.730201913000023]]]]}},
{"type":"Feature","properties":{"r_year_int":1933.0,"r_name":"Гостинично-жилой комплекс","r_adress":"Малая Пироговская улица, дом 9/6","r_style":null,"r_url":null,"isApartmentBuilding":1.0,"livingQuarters":32.0,"r_floors":4.0,"city":"old moscow","r_architect":"","r_photo_url":"","r_years_str":"1933","r_mkrf":null,"r_wikipedia":"","r_wikidata":null,"r_cw_url":null,"r_copyrights":null,"city_russian":"Москва (старая)","city_english":"Moscow (main)","area_python":1944.9787254636176,"area_qgis":618.21664941124618},"geometry":{"type":"MultiPolygon","coordinates":[[[[37.571618804000067,55.729731042000047],[37.571486036000096,55.729805667000051],[37.57160951300007,55.729873318],[37.572031566000078,55.730103454000051],[37.572112415000063,55.730098916000031],[37.572193175000095,55.730046326000043],[37.572214956000018,55.730032481000087],[37.572067420000046,55.729952450000035],[37.571990989000057,55.72993543000004],[37.571877390000104,55.72987316300005],[37.571618804000067,55.729731042000047]]]]}},
{"type":"Feature","properties":{"r_year_int":1981.0,"r_name":"Многоквартирный жилой дом","r_adress":"1-й Смоленский переулок, дом 9, строение 1","r_style":null,"r_url":null,"isApartmentBuilding":1.0,"livingQuarters":124.0,"r_floors":11.0,"city":"old moscow","r_architect":"","r_photo_url":"","r_years_str":"1981","r_mkrf":null,"r_wikipedia":"","r_wikidata":null,"r_cw_url":null,"r_copyrights":null,"city_russian":"Москва (старая)","city_english":"Moscow (main)","area_python":4595.2137868758164,"area_qgis":1459.2794018015147},"geometry":{"type":"MultiPolygon","coordinates":[[[[37.579098965000057,55.748001586000036],[37.579098882000025,55.747960270000107],[37.57912754500007,55.747960252000034],[37.579127445000076,55.747910404000045],[37.579098782000109,55.747910422000082],[37.579098626000118,55.747833179000054],[37.579107517000089,55.747662072000089],[37.579177741000073,55.747661758000056],[37.579178257000109,55.747680888000055],[37.57928892700005,55.747680189000057],[37.579287872000073,55.74763088],[37.579329910000041,55.747630583000031],[37.579328673000042,55.747569778000091],[37.579289820000092,55.747570162000031],[37.579286461,55.747405350000072],[37.579340921000018,55.747405315000016],[37.579340952000067,55.747341994000053],[37.579267067000046,55.747342580000037],[37.579267024000018,55.747321473000028],[37.579168934000045,55.747321536000072],[37.579166910000041,55.747344351000031],[37.57912455300005,55.747344378],[37.579123361000072,55.747306207000065],[37.578977659000053,55.747306300000062],[37.578977949000027,55.747371327000025],[37.578977883000093,55.747417493000029],[37.579019445000036,55.747418006000011],[37.57901286,55.747627374000047],[37.5789529850001,55.747626783000058],[37.578953085000116,55.747597143000071],[37.578851969000034,55.747597747000064],[37.578852086000026,55.747655948000038],[37.578818807000069,55.747656598000049],[37.578816849000098,55.747712466000038],[37.578853157,55.747713610000048],[37.578853252000059,55.747760944000092],[37.578816946000089,55.747760967000069],[37.578817034000039,55.747804888000097],[37.578845859000118,55.747805947000067],[37.578846311000021,55.747872860000022],[37.578788826,55.747872897000065],[37.578789054000069,55.747907027000046],[37.578769945000062,55.74790704000003],[37.57877086000012,55.747966318000081],[37.578837581000066,55.747966276000099],[37.578837769000117,55.74798064600003],[37.578930129000121,55.747980587000015],[37.57893016,55.747996305000065],[37.578993856000032,55.747996265000054],[37.578993867000079,55.748001654000078],[37.579098965000057,55.748001586000036]]]]}},
{"type":"Feature","properties":{"r_year_int":null,"r_name":"","r_adress":null,"r_style":null,"r_url":null,"isApartmentBuilding":null,"livingQuarters":null,"r_floors":1.0,"city":"old moscow","r_architect":"","r_photo_url":"","r_years_str":"","r_mkrf":null,"r_wikipedia":"","r_wikidata":null,"r_cw_url":null,"r_copyrights":null,"city_russian":"Москва (старая)","city_english":"Moscow (main)","area_python":279.44359547664345,"area_qgis":88.299423836171627},"geometry":{"type":"MultiPolygon","coordinates":[[[[37.355157100000014,55.845307399000049],[37.355072201000013,55.8452556],[37.354939900000012,55.845324],[37.355024800000038,55.845375801000017],[37.355157100000014,55.845307399000049]]]]}},
{"type":"Feature","properties":{"r_year_int":1960.0,"r_name":"Многоквартирный жилой дом","r_adress":"Земледельческий переулок, дом 18","r_style":null,"r_url":null,"isApartmentBuilding":1.0,"livingQuarters":40.0,"r_floors":5.0,"city":"old moscow","r_architect":"","r_photo_url":"","r_years_str":"1960","r_mkrf":null,"r_wikipedia":"","r_wikidata":null,"r_cw_url":null,"r_copyrights":null,"city_russian":"Москва (старая)","city_english":"Moscow (main)","area_python":1257.2720174234394,"area_qgis":399.38536376412958},"geometry":{"type":"MultiPolygon","coordinates":[[[[37.57942394500008,55.74168696400006],[37.579404093000079,55.741632817000031],[37.57936270500003,55.741636885000055],[37.579213074000094,55.741651801000039],[37.579319857000044,55.74194256],[37.579508799000052,55.741919625],[37.579492629000114,55.74187517600005],[37.57948142200005,55.741844466000018],[37.57946669300005,55.741804417000075],[37.579449400000087,55.741756286000076],[37.579433709000092,55.741712915000065],[37.57942394500008,55.74168696400006]]]]}},
{"type":"Feature","properties":{"r_year_int":2002.0,"r_name":"Райффайзенбанк - отделение «Смоленское»","r_adress":"Смоленский бульвар, дом 13, строение 1","r_style":null,"r_url":null,"isApartmentBuilding":null,"livingQuarters":null,"r_floors":2.0,"city":"old moscow","r_architect":"","r_photo_url":"","r_years_str":"2002","r_mkrf":null,"r_wikipedia":"","r_wikidata":null,"r_cw_url":null,"r_copyrights":null,"city_russian":"Москва (старая)","city_english":"Moscow (main)","area_python":1152.32518533182,"area_qgis":366.05611944757402},"geometry":{"type":"MultiPolygon","coordinates":[[[[37.583861032000101,55.74121141100003],[37.583813417000059,55.741206413000036],[37.583764887000044,55.741369464000073],[37.583820938000059,55.741448016000064],[37.583997061000083,55.741463255000049],[37.584053932000067,55.741254751000071],[37.583853120000114,55.741233960000052],[37.583861032000101,55.74121141100003]]]]}},
{"type":"Feature","properties":{"r_year_int":1900.0,"r_name":"Административно-офисное здание","r_adress":"Смоленская-Сенная площадь, дом 27, строение 2","r_style":null,"r_url":null,"isApartmentBuilding":null,"livingQuarters":null,"r_floors":5.0,"city":"old moscow","r_architect":"","r_photo_url":"","r_years_str":"1900","r_mkrf":null,"r_wikipedia":"","r_wikidata":null,"r_cw_url":null,"r_copyrights":null,"city_russian":"Москва (старая)","city_english":"Moscow (main)","area_python":5146.4525666122081,"area_qgis":1634.6096739033237},"geometry":{"type":"MultiPolygon","coordinates":[[[[37.581585087000057,55.744122923000077],[37.58146229500008,55.744415897000067],[37.581428677000098,55.744482474000051],[37.58156756900005,55.744504747000057],[37.581590221000091,55.744448506000055],[37.581868459000098,55.744482542000071],[37.581865925000088,55.744488652000037],[37.582298666000042,55.744548182000081],[37.582346047,55.744439831000065],[37.582191235,55.744418288000091],[37.582215934000061,55.744351268000052],[37.582088997,55.744334916000057],[37.582148411000041,55.74419359400008],[37.58180853300005,55.744149271],[37.581585087000057,55.744122923000077]]]]}},
{"type":"Feature","properties":{"r_year_int":1998.0,"r_name":"","r_adress":"Пролетарский проспект, дом 23Б","r_style":null,"r_url":null,"isApartmentBuilding":null,"livingQuarters":null,"r_floors":0.0,"city":"old moscow","r_architect":"","r_photo_url":"","r_years_str":"1998","r_mkrf":null,"r_wikipedia":"","r_wikidata":null,"r_cw_url":null,"r_copyrights":null,"city_russian":"Москва (старая)","city_english":"Moscow (main)","area_python":687.61432172070431,"area_qgis":219.59395063016564},"geometry":{"type":"MultiPolygon","coordinates":[[[[37.656664249000087,55.637274158000103],[37.656652105000049,55.637175283000033],[37.656336955,55.63718771900006],[37.656349257000038,55.637286684000024],[37.656664249000087,55.637274158000103]]]]}},
{"type":"Feature","properties":{"r_year_int":1900.0,"r_name":"Многоквартирный жилой дом","r_adress":"Смоленская-Сенная площадь, дом 27, строение 7","r_style":null,"r_url":null,"isApartmentBuilding":1.0,"livingQuarters":16.0,"r_floors":4.0,"city":"old moscow","r_architect":"","r_photo_url":"","r_years_str":"1900","r_mkrf":null,"r_wikipedia":"","r_wikidata":null,"r_cw_url":null,"r_copyrights":null,"city_russian":"Москва (старая)","city_english":"Moscow (main)","area_python":1247.4173595678978,"area_qgis":396.19351873779669},"geometry":{"type":"MultiPolygon","coordinates":[[[[37.581759623,55.744900444000073],[37.581764540000044,55.744891369000079],[37.581791933000034,55.744894135000017],[37.581827083000107,55.744798905999986],[37.581790610000084,55.74479434900006],[37.581795682000099,55.744782939000025],[37.581779596000011,55.744780974000065],[37.581575730000097,55.744754613000055],[37.581539257000088,55.744749787000075],[37.581393207000083,55.744730752000081],[37.581388135000054,55.744742162000058],[37.581353734000089,55.744738233000092],[37.581318581000083,55.74483229500003],[37.581350912000104,55.744836315000057],[37.581344886000032,55.744848265000023],[37.58151068500009,55.744869262000051],[37.581614370000061,55.744882307000026],[37.581759623,55.744900444000073]]]]}},
{"type":"Feature","properties":{"r_year_int":1935.0,"r_name":"Многоквартирный жилой дом","r_adress":"улица Плющиха, дом 9, строение 4","r_style":null,"r_url":null,"isApartmentBuilding":1.0,"livingQuarters":45.0,"r_floors":5.0,"city":"old moscow","r_architect":"","r_photo_url":"","r_years_str":"1935","r_mkrf":null,"r_wikipedia":"","r_wikidata":null,"r_cw_url":null,"r_copyrights":null,"city_russian":"Москва (старая)","city_english":"Moscow (main)","area_python":2009.2666509423379,"area_qgis":638.17464950866997},"geometry":{"type":"MultiPolygon","coordinates":[[[[37.580594279,55.744688523000015],[37.580653256000105,55.744564088000047],[37.580748381,55.744364452000042],[37.580782625000055,55.744292037000037],[37.580623827000046,55.744267531000048],[37.580570241,55.74438055600006],[37.580530264000018,55.744374744000027],[37.580509654000075,55.74441849800008],[37.580549154000018,55.744424580000015],[37.580513167000063,55.744500948000038],[37.580474942000116,55.74449603300004],[37.580451952000054,55.744543651000058],[37.580489862,55.744550363000016],[37.580457678000101,55.744618465],[37.580418180000088,55.744613371000064],[37.580394554000073,55.744661619000041],[37.580434531000044,55.744667161000024],[37.580386175000108,55.744769045000076],[37.580544021000065,55.74479409100006],[37.580594279,55.744688523000015]]]]}},
{"type":"Feature","properties":{"r_year_int":1909.0,"r_name":"Доходный дом Б. В. Глинского – памятник истории","r_adress":"улица Плющиха, дом 11","r_style":null,"r_url":null,"isApartmentBuilding":1.0,"livingQuarters":24.0,"r_floors":6.0,"city":"old moscow","r_architect":"","r_photo_url":"","r_years_str":"1909","r_mkrf":null,"r_wikipedia":"","r_wikidata":null,"r_cw_url":null,"r_copyrights":null,"city_russian":"Москва (старая)","city_english":"Moscow (main)","area_python":1426.1210391971313,"area_qgis":452.96583553170785},"geometry":{"type":"MultiPolygon","coordinates":[[[[37.580191134000053,55.744306614000052],[37.580197149000078,55.7442895450001],[37.580237601000057,55.744293470000052],[37.580247734000061,55.74426553100006],[37.580282880000027,55.74416688900002],[37.580090169000037,55.744142494000052],[37.580100308000063,55.744117338000088],[37.580051254000068,55.744111083000057],[37.580041115000043,55.744136238000074],[37.579840918000031,55.744110680000041],[37.579789589000058,55.744238433000064],[37.579855366000096,55.744247013000077],[37.57984727900002,55.744263545000102],[37.579953510000053,55.744277128000043],[37.579961596000025,55.744260148000123],[37.580081840000027,55.7442748],[37.580075826000083,55.744292498000064],[37.580191134000053,55.744306614000052]]]]}},
{"type":"Feature","properties":{"r_year_int":2003.0,"r_name":"Жилой комплекс «Венский дом»","r_adress":"1-й Неопалимовский переулок, дом 8","r_style":null,"r_url":null,"isApartmentBuilding":1.0,"livingQuarters":64.0,"r_floors":8.0,"city":"old moscow","r_architect":"","r_photo_url":"http://photos.wikimapia.org/p/00/03/21/64/07_full.jpg","r_years_str":"2003","r_mkrf":null,"r_wikipedia":"","r_wikidata":null,"r_cw_url":null,"r_copyrights":null,"city_russian":"Москва (старая)","city_english":"Moscow (main)","area_python":6523.2962802911516,"area_qgis":2072.2635998836486},"geometry":{"type":"MultiPolygon","coordinates":[[[[37.580970813000121,55.740885867000024],[37.581088108000088,55.74086450300009],[37.581093058000107,55.740871416000083],[37.581135870000026,55.74086375400001],[37.581116538000067,55.740831163000074],[37.581090436000061,55.740835401000034],[37.581080055,55.740819690000066],[37.581104404000087,55.740814644000082],[37.581281149000077,55.740824947000071],[37.581282253000012,55.740819916000078],[37.58135104500009,55.740825799000071],[37.581386237000089,55.740675512000024],[37.581321269000071,55.740670255000083],[37.58132237400001,55.740665674000077],[37.581145464000059,55.740652497000063],[37.581142302000053,55.740663457000032],[37.581091661000094,55.740657562000095],[37.581040395000045,55.740657327000072],[37.580991692000048,55.740664903],[37.580984666000063,55.740654938000041],[37.580668139000089,55.740724035000049],[37.580667199000104,55.740809003000038],[37.580666793000042,55.740843762000047],[37.580700055000108,55.740837453000019],[37.580728635000042,55.740877224000052],[37.580809956000031,55.740859387000043],[37.580815862000094,55.740867107000057],[37.580942542000066,55.740841696000068],[37.580970813000121,55.740885867000024]]],[[[37.581038895000106,55.741628341000073],[37.581084192000063,55.741512537000048],[37.581098920000059,55.741474535000066],[37.581016427000094,55.741464889000042],[37.58099965300007,55.741437416000068],[37.581093554000034,55.741420109000046],[37.58108077200005,55.7413984720001],[37.58106581200007,55.741401445000065],[37.581027154000026,55.741339048],[37.580948691000081,55.741353201000045],[37.580887363000095,55.741260909000076],[37.580908844000078,55.74125487700006],[37.580900546000024,55.741245631],[37.58097932000004,55.741227885000029],[37.580962874000093,55.741204903000039],[37.580945683000067,55.741207250000031],[37.580906084000027,55.741151409000032],[37.58086582,55.741159519000071],[37.580859595000092,55.741152248000049],[37.580815827000031,55.741159732000028],[37.580739680000079,55.741060713000095],[37.580639581000071,55.741082784000071],[37.580493025000095,55.741121141000065],[37.58056505100005,55.741228965000055],[37.580538158000024,55.741235629000087],[37.580555888000092,55.741263730000092],[37.580583895000103,55.741256976000066],[37.580789593000034,55.741564285000038],[37.58076429000009,55.741569871000053],[37.580781695000027,55.741594379000063],[37.580806362000033,55.741589244000082],[37.58081275100006,55.741598850000052],[37.581038895000106,55.741628341000073]]]]}},
{"type":"Feature","properties":{"r_year_int":1975.0,"r_name":"АТС 243, 248 в коде 499 ЦУС «Центральный-3» ПАО «МГТС»","r_adress":"Земледельческий переулок, дом 15","r_style":null,"r_url":null,"isApartmentBuilding":null,"livingQuarters":null,"r_floors":5.0,"city":"old moscow","r_architect":"","r_photo_url":"","r_years_str":"1975","r_mkrf":null,"r_wikipedia":"","r_wikidata":null,"r_cw_url":null,"r_copyrights":null,"city_russian":"Москва (старая)","city_english":"Moscow (main)","area_python":3181.6446080350129,"area_qgis":1010.6768990214914},"geometry":{"type":"MultiPolygon","coordinates":[[[[37.578551058000073,55.74172973600006],[37.578506431000029,55.741626565000075],[37.578383077000098,55.741645145000049],[37.578372843000089,55.741623237000049],[37.5783122,55.741631808000086],[37.578322434,55.741654344999979],[37.578224387000041,55.741668958000048],[37.57827317400006,55.741782366000066],[37.578426577000116,55.742141088000054],[37.578713569000087,55.74210381100005],[37.578576010000035,55.741787383000023],[37.578551058000073,55.74172973600006]]]]}},
{"type":"Feature","properties":{"r_year_int":null,"r_name":"","r_adress":"Ходынская улица, дом 5, строение 7","r_style":null,"r_url":null,"isApartmentBuilding":null,"livingQuarters":null,"r_floors":1.0,"city":"old moscow","r_architect":"","r_photo_url":"","r_years_str":"","r_mkrf":null,"r_wikipedia":"","r_wikidata":null,"r_cw_url":null,"r_copyrights":null,"city_russian":"Москва (старая)","city_english":"Moscow (main)","area_python":209.68507817984295,"area_qgis":66.518168799579144},"geometry":{"type":"MultiPolygon","coordinates":[[[[37.558222600000093,55.768408199000099],[37.558198900000022,55.768354600000059],[37.558031700000114,55.768378101000017],[37.558055401000011,55.768431700000065],[37.558222600000093,55.768408199000099]]]]}},
{"type":"Feature","properties":{"r_year_int":1956.0,"r_name":"Электротяговая подстанция № 42","r_adress":"Фрунзенская набережная, дом 20","r_style":null,"r_url":null,"isApartmentBuilding":null,"livingQuarters":null,"r_floors":2.0,"city":"old moscow","r_architect":"","r_photo_url":"","r_years_str":"1956","r_mkrf":null,"r_wikipedia":"","r_wikidata":null,"r_cw_url":null,"r_copyrights":null,"city_russian":"Москва (старая)","city_english":"Moscow (main)","area_python":922.34560286789531,"area_qgis":293.18078189715743},"geometry":{"type":"MultiPolygon","coordinates":[[[[37.590911763000108,55.729109915000045],[37.590889568000094,55.729079124000037],[37.590768349000037,55.729106608000073],[37.590693579000096,55.729122560000064],[37.590715933000041,55.729153441000058],[37.590794847000069,55.729277690000039],[37.590815286000051,55.72930614700001],[37.591009217000057,55.729267203000056],[37.59099099500007,55.72923416400004],[37.590997044000069,55.729234160000019],[37.590911763000108,55.729109915000045]]]]}},
{"type":"Feature","properties":{"r_year_int":1914.0,"r_name":"Историческое здание — Доходный дом Черникова","r_adress":"2-й Неопалимовский переулок, дом 3","r_style":"Модерн","r_url":null,"isApartmentBuilding":null,"livingQuarters":null,"r_floors":4.0,"city":"old moscow","r_architect":"","r_photo_url":"","r_years_str":"1914","r_mkrf":null,"r_wikipedia":"","r_wikidata":null,"r_cw_url":null,"r_copyrights":null,"city_russian":"Москва (старая)","city_english":"Moscow (main)","area_python":2597.4813064023651,"area_qgis":825.22303933650255},"geometry":{"type":"MultiPolygon","coordinates":[[[[37.582487264000093,55.739504013000079],[37.58260906400001,55.739205110000064],[37.582598873000023,55.739204039000093],[37.582676320000076,55.739012227000053],[37.582518670000113,55.738993561000044],[37.582472041000081,55.739002125000077],[37.582397736000111,55.739174534000043],[37.582378468000087,55.739172391000032],[37.582363341000075,55.739171054000067],[37.582313463000091,55.739300783000054],[37.582271585000044,55.739297218000047],[37.582258932000109,55.739337016000043],[37.582297946000075,55.739341032000056],[37.582247592000066,55.739471659000081],[37.582487264000093,55.739504013000079]]]]}},
{"type":"Feature","properties":{"r_year_int":1850.0,"r_name":"Административно-офисное здание","r_adress":"Земледельческий переулок, дом 9","r_style":null,"r_url":null,"isApartmentBuilding":null,"livingQuarters":null,"r_floors":2.0,"city":"old moscow","r_architect":"","r_photo_url":"","r_years_str":"1850","r_mkrf":null,"r_wikipedia":"","r_wikidata":null,"r_cw_url":null,"r_copyrights":null,"city_russian":"Москва (старая)","city_english":"Moscow (main)","area_python":946.05021884024131,"area_qgis":300.54069404676557},"geometry":{"type":"MultiPolygon","coordinates":[[[[37.578262822000056,55.740661813],[37.578210172000055,55.740526313000011],[37.578145070000055,55.740533898000081],[37.578133067000039,55.740502650000046],[37.578017828000036,55.740516914000047],[37.578029989000051,55.740548072000074],[37.578003727000024,55.740551861],[37.578038614000072,55.740641926000059],[37.577831851000028,55.740667475000066],[37.577849453000056,55.740712732000098],[37.578262822000056,55.740661813]]]]}},
{"type":"Feature","properties":{"r_year_int":1935.0,"r_name":"Коррекционная школа № 30","r_adress":"1-й переулок Тружеников, дом 18","r_style":null,"r_url":null,"isApartmentBuilding":null,"livingQuarters":null,"r_floors":4.0,"city":"old moscow","r_architect":"","r_photo_url":"","r_years_str":"1935","r_mkrf":null,"r_wikipedia":"","r_wikidata":null,"r_cw_url":null,"r_copyrights":null,"city_russian":"Москва (старая)","city_english":"Moscow (main)","area_python":4855.3221420395221,"area_qgis":1542.7147294171154},"geometry":{"type":"MultiPolygon","coordinates":[[[[37.571659088000096,55.737337735000033],[37.571852994000075,55.737253194000061],[37.571798323000088,55.737216760000074],[37.571829978000082,55.73720291000005],[37.571871017000049,55.737184474000088],[37.571775217000038,55.737116987000064],[37.571709204000086,55.73714612600002],[37.571290144000017,55.736852037000041],[37.57132259100004,55.736836031000081],[37.571352496000017,55.736822811000053],[37.571274387000074,55.736765822000073],[37.571241936000028,55.736779403000057],[37.571231437000073,55.736783631000044],[37.571207100000045,55.736794872000068],[37.571191001000066,55.736783654000078],[37.571144452000034,55.736748293000048],[37.570906018000116,55.736858007000087],[37.570956708000026,55.736894444000015],[37.571055851000068,55.736962827000056],[37.571098406000061,55.73699091600006],[37.571074230000058,55.737002696000069],[37.571061982000089,55.737008451000044],[37.571430506000048,55.737263768000034],[37.571470913,55.737247758000073],[37.571574044000045,55.737319552000038],[37.571610471000028,55.737303543000046],[37.571659088000096,55.737337735000033]]]]}},
{"type":"Feature","properties":{"r_year_int":1957.0,"r_name":"Канализационная насосная станция «Саввинская»","r_adress":"Саввинская набережная, дом 7, строение 1","r_style":null,"r_url":null,"isApartmentBuilding":null,"livingQuarters":null,"r_floors":2.0,"city":"old moscow","r_architect":"","r_photo_url":"","r_years_str":"1957","r_mkrf":null,"r_wikipedia":"","r_wikidata":null,"r_cw_url":null,"r_copyrights":null,"city_russian":"Москва (старая)","city_english":"Moscow (main)","area_python":4422.0065419618295,"area_qgis":1405.0097582861781},"geometry":{"type":"MultiPolygon","coordinates":[[[[37.570252112000077,55.737429798000029],[37.569954384000035,55.73714479700007],[37.569560286000055,55.737275075000085],[37.569862156000099,55.737562320000045],[37.569959269,55.737653519000041],[37.570351304000077,55.737525576000039],[37.570252112000077,55.737429798000029]]]]}},
{"type":"Feature","properties":{"r_year_int":1970.0,"r_name":"","r_adress":"Мукомольный проезд, дом 2А, строение 6","r_style":null,"r_url":null,"isApartmentBuilding":null,"livingQuarters":null,"r_floors":0.0,"city":"old moscow","r_architect":"","r_photo_url":"","r_years_str":"1970","r_mkrf":null,"r_wikipedia":"","r_wikidata":null,"r_cw_url":null,"r_copyrights":null,"city_russian":"Москва (старая)","city_english":"Moscow (main)","area_python":110.98007433081945,"area_qgis":35.238778535276651},"geometry":{"type":"MultiPolygon","coordinates":[[[[37.52576911500006,55.750191019000049],[37.525694417000089,55.750175676000033],[37.525659103000081,55.750236669000046],[37.525735393000055,55.750250305000051],[37.52576911500006,55.750191019000049]]]]}},
{"type":"Feature","properties":{"r_year_int":1988.0,"r_name":"Многоквартирный жилой дом","r_adress":"Большой Саввинский переулок, дом 1","r_style":null,"r_url":null,"isApartmentBuilding":1.0,"livingQuarters":91.0,"r_floors":1.0,"city":"old moscow","r_architect":"","r_photo_url":"","r_years_str":"1988","r_mkrf":null,"r_wikipedia":"","r_wikidata":null,"r_cw_url":null,"r_copyrights":null,"city_russian":"Москва (старая)","city_english":"Moscow (main)","area_python":1611.69870994136,"area_qgis":512.12641477491707},"geometry":{"type":"MultiPolygon","coordinates":[[[[37.570678156000028,55.736031100000019],[37.570773128000035,55.735994580000046],[37.570807884000018,55.73602384100009],[37.570899834000031,55.735989118000049],[37.570866034000105,55.735960306000031],[37.570957025000048,55.735923788000051],[37.570952880000036,55.735920288000045],[37.570877956000025,55.735862219000055],[37.570776726000062,55.735782340000071],[37.570728365,55.735800690000104],[37.570708123000017,55.735787050000042],[37.570666285000073,55.735803420000096],[37.570606499000043,55.735753247000055],[37.570511691000064,55.735792102000069],[37.570575295000054,55.735840657],[37.570534253000062,55.735856668000061],[37.570552586000112,55.735871477000032],[37.570499931,55.735892075000081],[37.570678156000028,55.736031100000019]]]]}},
{"type":"Feature","properties":{"r_year_int":1967.0,"r_name":"Многоквартирный жилой дом","r_adress":"Малый Саввинский переулок, дом 5","r_style":null,"r_url":null,"isApartmentBuilding":1.0,"livingQuarters":84.0,"r_floors":12.0,"city":"old moscow","r_architect":"","r_photo_url":"","r_years_str":"1967","r_mkrf":null,"r_wikipedia":"","r_wikidata":null,"r_cw_url":null,"r_copyrights":null,"city_russian":"Москва (старая)","city_english":"Moscow (main)","area_python":1339.9823973642974,"area_qgis":425.90376504510641},"geometry":{"type":"MultiPolygon","coordinates":[[[[37.560013517000066,55.730545132],[37.559647321000064,55.730369267000064],[37.559497051000079,55.730464546000071],[37.559660316000041,55.730541710000061],[37.559716862000073,55.730569076999984],[37.559864200000035,55.730639063000091],[37.560013517000066,55.730545132]]]]}},
{"type":"Feature","properties":{"r_year_int":1974.0,"r_name":"Многоквартирный жилой дом","r_adress":"Погодинская улица, дом 14","r_style":null,"r_url":null,"isApartmentBuilding":1.0,"livingQuarters":71.0,"r_floors":12.0,"city":"old moscow","r_architect":"","r_photo_url":"","r_years_str":"1974","r_mkrf":null,"r_wikipedia":"","r_wikidata":null,"r_cw_url":null,"r_copyrights":null,"city_russian":"Москва (старая)","city_english":"Moscow (main)","area_python":872.25466414725418,"area_qgis":277.22392378747463},"geometry":{"type":"MultiPolygon","coordinates":[[[[37.565800567000018,55.731675231000061],[37.565509211000105,55.731538505000081],[37.565392037000052,55.731620749000022],[37.565679410000072,55.731755233000065],[37.565800567000018,55.731675231000061]]]]}},
{"type":"Feature","properties":{"r_year_int":2010.0,"r_name":"Бизнес-центр","r_adress":"Большой Саввинский переулок, дом 2, строение 9","r_style":null,"r_url":null,"isApartmentBuilding":null,"livingQuarters":null,"r_floors":3.0,"city":"old moscow","r_architect":"","r_photo_url":"","r_years_str":"2010","r_mkrf":null,"r_wikipedia":"","r_wikidata":null,"r_cw_url":null,"r_copyrights":null,"city_russian":"Москва (старая)","city_english":"Moscow (main)","area_python":1215.3568825925377,"area_qgis":386.18535978812724},"geometry":{"type":"MultiPolygon","coordinates":[[[[37.569733620000079,55.735911102000031],[37.569579363000088,55.735820384000085],[37.569264148000094,55.735991394000045],[37.569417220000055,55.736078015000025],[37.569424455000103,55.736082109000073],[37.569435910000031,55.736075773000024],[37.569733620000079,55.735911102000031]]]]}},
{"type":"Feature","properties":{"r_year_int":2007.0,"r_name":"Жилой комплекс River House","r_adress":"Саввинская набережная, дом 9","r_style":null,"r_url":null,"isApartmentBuilding":1.0,"livingQuarters":46.0,"r_floors":16.0,"city":"old moscow","r_architect":"","r_photo_url":"","r_years_str":"2007","r_mkrf":null,"r_wikipedia":"","r_wikidata":null,"r_cw_url":null,"r_copyrights":null,"city_russian":"Москва (старая)","city_english":"Moscow (main)","area_python":3120.2751399688882,"area_qgis":991.43511886149645},"geometry":{"type":"MultiPolygon","coordinates":[[[[37.569212699000019,55.73705908000003],[37.569436603000057,55.736921355000064],[37.569485361000041,55.736946656000036],[37.569654083000074,55.736842822000021],[37.569370780000071,55.736698196000063],[37.56923815600004,55.736779734000031],[37.569165019000025,55.736741872000053],[37.568901514000046,55.736901894000049],[37.568970990000025,55.736939848000091],[37.568941730000034,55.736957918],[37.569125767000052,55.737053111000094],[37.569160275000065,55.737031895000037],[37.569212699000019,55.73705908000003]]]]}},
{"type":"Feature","properties":{"r_year_int":1917.0,"r_name":"","r_adress":"Большая Пироговская улица, дом 2, строение 7","r_style":null,"r_url":null,"isApartmentBuilding":null,"livingQuarters":null,"r_floors":2.0,"city":"old moscow","r_architect":"","r_photo_url":"","r_years_str":"1917","r_mkrf":null,"r_wikipedia":"","r_wikidata":null,"r_cw_url":null,"r_copyrights":null,"city_russian":"Москва (старая)","city_english":"Moscow (main)","area_python":2277.3030622367919,"area_qgis":723.7647924721241},"geometry":{"type":"MultiPolygon","coordinates":[[[[37.567938497000092,55.73235965],[37.568267572000074,55.732117680000073],[37.568388794000043,55.732168988000097],[37.568568587000058,55.732034163000087],[37.568347969000058,55.731942043000075],[37.56824305,55.732020691000066],[37.568117934,55.732109859000033],[37.568075402000034,55.732091559000068],[37.567966344000091,55.732170299000067],[37.567954239000052,55.732165725000058],[37.567919898000085,55.732189725000069],[37.567758372000085,55.732303972000061],[37.56781508200006,55.732329],[37.56783304900005,55.732317493000032],[37.567938497000092,55.73235965]]]]}},
{"type":"Feature","properties":{"r_year_int":1917.0,"r_name":"","r_adress":"улица Еланского, дом 2, строение 2","r_style":null,"r_url":null,"isApartmentBuilding":null,"livingQuarters":null,"r_floors":2.0,"city":"old moscow","r_architect":"","r_photo_url":"","r_years_str":"1917","r_mkrf":null,"r_wikipedia":"","r_wikidata":null,"r_cw_url":null,"r_copyrights":null,"city_russian":"Москва (старая)","city_english":"Moscow (main)","area_python":1745.0639067106397,"area_qgis":554.5826908275485},"geometry":{"type":"MultiPolygon","coordinates":[[[[37.571954392000094,55.73307259000007],[37.571675289000083,55.732951859000082],[37.571536192000103,55.733053253000023],[37.571675585,55.733113799000058],[37.5718152950001,55.73317425500003],[37.572025577000083,55.733264129000062],[37.572166904000035,55.733163721000047],[37.572094101000104,55.733131788000044],[37.571954392000094,55.73307259000007]]]]}},
{"type":"Feature","properties":{"r_year_int":null,"r_name":"","r_adress":null,"r_style":null,"r_url":null,"isApartmentBuilding":null,"livingQuarters":null,"r_floors":0.0,"city":"old moscow","r_architect":"","r_photo_url":"","r_years_str":"","r_mkrf":null,"r_wikipedia":"","r_wikidata":null,"r_cw_url":null,"r_copyrights":null,"city_russian":"Москва (старая)","city_english":"Moscow (main)","area_python":96.122407843114587,"area_qgis":30.43223568610847},"geometry":{"type":"MultiPolygon","coordinates":[[[[37.575634300000047,55.807283201000033],[37.575528299000084,55.807264400000093],[37.575507301000052,55.807301800000047],[37.575613301000011,55.80732060000004],[37.575634300000047,55.807283201000033]]]]}},
{"type":"Feature","properties":{"r_year_int":1890.0,"r_name":"Храм Димитрия Прилуцкого преподобного, Вологодского чудотворца, при клиниках на Девичьем поле","r_adress":"Большая Пироговская улица, дом 6, строение 8","r_style":null,"r_url":null,"isApartmentBuilding":null,"livingQuarters":null,"r_floors":2.0,"city":"old moscow","r_architect":"","r_photo_url":"","r_years_str":"1890","r_mkrf":null,"r_wikipedia":"","r_wikidata":null,"r_cw_url":null,"r_copyrights":null,"city_russian":"Москва (старая)","city_english":"Moscow (main)","area_python":1071.4388611678698,"area_qgis":340.5749820251076},"geometry":{"type":"MultiPolygon","coordinates":[[[[37.563353958000022,55.729136027000031],[37.563411193000064,55.729096029000075],[37.563446217,55.729101400000054],[37.563487582000043,55.72909060000007],[37.563500286000121,55.729072630000097],[37.563500263000016,55.729058260000045],[37.563484327000062,55.729045693000039],[37.563509755000041,55.729022328000049],[37.563468349000097,55.729007978000034],[37.563487423000026,55.728991801000063],[37.563407783000095,55.728955466000073],[37.563423522000036,55.728944411000072],[37.563350733000092,55.728912204000039],[37.563307646000084,55.728940788000038],[37.563346825000096,55.728956036000028],[37.563325036000045,55.728966287000034],[37.563267697000065,55.728941167000073],[37.563203953,55.728991498],[37.563123823000055,55.729045878000058],[37.563168423000057,55.729067411000045],[37.563344419000046,55.729142768000045],[37.563353958000022,55.729136027000031]]]]}},
{"type":"Feature","properties":{"r_year_int":1917.0,"r_name":"Многоквартирный жилой дом","r_adress":"Конный переулок, дом 12","r_style":null,"r_url":null,"isApartmentBuilding":null,"livingQuarters":null,"r_floors":3.0,"city":"old moscow","r_architect":"","r_photo_url":"","r_years_str":"1917","r_mkrf":null,"r_wikipedia":"","r_wikidata":null,"r_cw_url":null,"r_copyrights":null,"city_russian":"Москва (старая)","city_english":"Moscow (main)","area_python":1944.2904999156303,"area_qgis":618.263397205621},"geometry":{"type":"MultiPolygon","coordinates":[[[[37.611822563000018,55.721708562000032],[37.611779758000054,55.721541361000035],[37.611700843000015,55.721546732],[37.611684427000014,55.721481988],[37.612090605,55.721451620000053],[37.612052722,55.721336599000026],[37.611575276000018,55.721374845000085],[37.611605355000073,55.721487898000078],[37.611665376000097,55.721721459000015],[37.611822563000018,55.721708562000032]]]]}},
{"type":"Feature","properties":{"r_year_int":1962.0,"r_name":"Российский научный центр хирургии им. академика Б. В. Петровского (РАМН)","r_adress":"Абрикосовский переулок, дом 2, корпус 1","r_style":null,"r_url":null,"isApartmentBuilding":null,"livingQuarters":null,"r_floors":2.0,"city":"old moscow","r_architect":"","r_photo_url":"","r_years_str":"1962","r_mkrf":null,"r_wikipedia":"","r_wikidata":null,"r_cw_url":null,"r_copyrights":null,"city_russian":"Москва (старая)","city_english":"Moscow (main)","area_python":7847.7793896589346,"area_qgis":2494.3482702020556},"geometry":{"type":"MultiPolygon","coordinates":[[[[37.565897324000012,55.730903020000014],[37.565940250000089,55.730872729000026],[37.565990965000033,55.730836865000079],[37.565930267000056,55.730804832000011],[37.565956657000037,55.730785418000011],[37.565839409,55.730726201000024],[37.565809038000054,55.730744540000032],[37.565495539000096,55.730592915000074],[37.565517004000085,55.730579162000048],[37.565333809000052,55.730488543000071],[37.565311233000081,55.730504093000029],[37.565283037000022,55.730490366],[37.564959347000062,55.730333177000013],[37.564991622000015,55.730311514000029],[37.564870244000041,55.730255622000037],[37.564839873,55.730273959999984],[37.564781409,55.730244351000074],[37.56469252500009,55.730299096000046],[37.564676278000057,55.730292279000082],[37.564623813000011,55.730328862000114],[37.564641973000072,55.730337834000068],[37.564522726000064,55.730416577],[37.564484570000076,55.730443991000058],[37.564344651000091,55.730535228000058],[37.564327002000027,55.730546734],[37.564494736000043,55.730625506000081],[37.564515922000012,55.730635285000062],[37.564632313000075,55.730561484000098],[37.564789554000058,55.73045416000005],[37.565253098000063,55.730672981000048],[37.565228295000061,55.730689520000084],[37.565274491000011,55.730711501000016],[37.565321801000017,55.730733930000042],[37.565347721000087,55.730718917000026],[37.565651656000057,55.73086210400006],[37.565488060000099,55.730976259000059],[37.565459760000103,55.730995675000038],[37.565639758000067,55.731076595000033],[37.565670121000075,55.731053765000048],[37.565869980000073,55.730922435000089],[37.565897324000012,55.730903020000014]]]]}},
{"type":"Feature","properties":{"r_year_int":1926.0,"r_name":"Многоквартирный жилой дом","r_adress":"улица Доватора, дом 4/7","r_style":null,"r_url":null,"isApartmentBuilding":1.0,"livingQuarters":68.0,"r_floors":6.0,"city":"old moscow","r_architect":"","r_photo_url":"","r_years_str":"1926","r_mkrf":null,"r_wikipedia":"","r_wikidata":null,"r_cw_url":null,"r_copyrights":null,"city_russian":"Москва (старая)","city_english":"Moscow (main)","area_python":3259.9690011308267,"area_qgis":1036.4735412634909},"geometry":{"type":"MultiPolygon","coordinates":[[[[37.56932764500003,55.724332079000071],[37.569232879,55.724289020000057],[37.569190122000052,55.724319133000066],[37.569120186000127,55.724368302000087],[37.569089667000036,55.724389696000074],[37.569185866000083,55.724432485000087],[37.569245114000076,55.724458768000019],[37.569330164000064,55.724496713000065],[37.569806063000073,55.724708683000074],[37.569896052000011,55.724748781000059],[37.570013594000031,55.724800988000048],[37.570048561000085,55.724775460000018],[37.57011229500003,55.724728899000063],[37.570147103000068,55.724703460000043],[37.570037841,55.724654033000022],[37.569913926000012,55.724597788000025],[37.569441843000043,55.72438384],[37.56932764500003,55.724332079000071]]]]}},
{"type":"Feature","properties":{"r_year_int":null,"r_name":"","r_adress":null,"r_style":null,"r_url":null,"isApartmentBuilding":null,"livingQuarters":null,"r_floors":0.0,"city":"old moscow","r_architect":"","r_photo_url":"","r_years_str":"","r_mkrf":null,"r_wikipedia":"","r_wikidata":null,"r_cw_url":null,"r_copyrights":null,"city_russian":"Москва (старая)","city_english":"Moscow (main)","area_python":429.89397173119221,"area_qgis":136.35685829166323},"geometry":{"type":"MultiPolygon","coordinates":[[[[37.563303099000038,55.770960699000042],[37.562915699000072,55.770924901000065],[37.562901401000069,55.770973900000051],[37.563288699000019,55.771009800000066],[37.563303099000038,55.770960699000042]]]]}},
{"type":"Feature","properties":{"r_year_int":1832.0,"r_name":"Флигель Голицынской больницы для неизлечимо больных — памятник архитектуры","r_adress":"Ленинский проспект, дом 8, корпус 16","r_style":null,"r_url":null,"isApartmentBuilding":null,"livingQuarters":null,"r_floors":0.0,"city":"old moscow","r_architect":"","r_photo_url":"","r_years_str":"1832","r_mkrf":null,"r_wikipedia":"","r_wikidata":null,"r_cw_url":null,"r_copyrights":null,"city_russian":"Москва (старая)","city_english":"Moscow (main)","area_python":677.40613900448125,"area_qgis":215.38785559684038},"geometry":{"type":"MultiPolygon","coordinates":[[[[37.598653456000129,55.723404062000043],[37.598285116000021,55.723177208000024],[37.598210417000047,55.723216068000028],[37.598580823000077,55.723441664000042],[37.598653456000129,55.723404062000043]]]]}},
{"type":"Feature","properties":{"r_year_int":1923.0,"r_name":"","r_adress":"Садовническая улица, дом 11, строение 14","r_style":null,"r_url":null,"isApartmentBuilding":null,"livingQuarters":null,"r_floors":3.0,"city":"old moscow","r_architect":"","r_photo_url":"http://photos.wikimapia.org/p/00/03/13/75/98_full.jpg","r_years_str":"1923","r_mkrf":null,"r_wikipedia":"","r_wikidata":null,"r_cw_url":null,"r_copyrights":null,"city_russian":"Москва (старая)","city_english":"Moscow (main)","area_python":3224.2815845367759,"area_qgis":1023.9388492316939},"geometry":{"type":"MultiPolygon","coordinates":[[[[37.631999641000057,55.747138972000052],[37.631458549000065,55.747232511000036],[37.631211557000078,55.747275437000042],[37.631171064000078,55.747213866000074],[37.631155539000119,55.74719026100005],[37.631134732000071,55.74715848700005],[37.631066629,55.74717364900004],[37.630671220000046,55.747262090000049],[37.63078929000006,55.747379984000041],[37.63084377100008,55.747434356000042],[37.631146058000049,55.747354995000045],[37.631674113000045,55.747267040000096],[37.631679891000061,55.747280596000024],[37.631729707000027,55.74727290900006],[37.631722495000105,55.747259174000028],[37.632035697000056,55.747206745000014],[37.631999641000057,55.747138972000052]]]]}},
{"type":"Feature","properties":{"r_year_int":1880.0,"r_name":"Административно-офисное здание","r_adress":"Садовническая улица, дом 16, строение 1","r_style":null,"r_url":null,"isApartmentBuilding":null,"livingQuarters":null,"r_floors":3.0,"city":"old moscow","r_architect":"","r_photo_url":"http://photos.wikimapia.org/p/00/03/13/72/85_full.jpg","r_years_str":"1880","r_mkrf":null,"r_wikipedia":"","r_wikidata":null,"r_cw_url":null,"r_copyrights":null,"city_russian":"Москва (старая)","city_english":"Moscow (main)","area_python":1080.4240922073666,"area_qgis":343.114426959306},"geometry":{"type":"MultiPolygon","coordinates":[[[[37.6297270580001,55.747152433000046],[37.629686715000076,55.74708726800003],[37.629640727,55.747096747000029],[37.629585969000075,55.747006359000061],[37.629382778000014,55.747052918000051],[37.629391125000019,55.747072938000038],[37.629371389000028,55.747075923000054],[37.629385505000087,55.747107075000038],[37.629405877000039,55.747104],[37.629421099000048,55.747132635000099],[37.629341374000077,55.74714870600009],[37.629384641000094,55.747231203000084],[37.6297270580001,55.747152433000046]]]]}},
{"type":"Feature","properties":{"r_year_int":1889.0,"r_name":"Клиника акушерства и гинекологии имени В. Ф. Снегирева","r_adress":"улица Еланского, дом 2, строение 1","r_style":null,"r_url":null,"isApartmentBuilding":null,"livingQuarters":null,"r_floors":0.0,"city":"old moscow","r_architect":"","r_photo_url":"","r_years_str":"1889","r_mkrf":null,"r_wikipedia":"","r_wikidata":null,"r_cw_url":null,"r_copyrights":null,"city_russian":"Москва (старая)","city_english":"Moscow (main)","area_python":12683.44667635859,"area_qgis":4030.6802243737038},"geometry":{"type":"MultiPolygon","coordinates":[[[[37.573408445000041,55.734409833000022],[37.573380187000048,55.734365300000043],[37.573527697000074,55.734336740000096],[37.573495278000088,55.734280803000026],[37.573476817,55.734283060000081],[37.573395851000015,55.734143981000088],[37.573241737000046,55.733874890000052],[37.573288204000065,55.733866959000082],[37.573331487000061,55.733858849000057],[37.57320595000003,55.73363393200006],[37.573162509000028,55.733642220000043],[37.573116043000013,55.733650242000088],[37.572945484000016,55.733352598000067],[37.572915134000063,55.733295582000018],[37.572890948000108,55.733300177000075],[37.572817819000029,55.733179326000027],[37.572848212000096,55.733173650000026],[37.572813721000067,55.733115469000055],[37.572749115000086,55.733126824000045],[37.572734904000114,55.733102941000013],[37.572720718,55.733092620000043],[37.572694431000038,55.733080151000109],[37.572674206000045,55.733075582000019],[37.572643962000043,55.733075600000063],[37.572613568000072,55.733080198000032],[37.572585253000092,55.733090454000042],[37.572565060000073,55.733103040000053],[37.572552988,55.733116700000011],[37.572550946,55.733131521000047],[37.572567239000058,55.733162319000051],[37.5726157940001,55.733251299000067],[37.572532888000048,55.733266168000064],[37.572300724000044,55.733309596000019],[37.572287947000085,55.733286251000038],[37.572358438000037,55.733272288000094],[37.57232489600004,55.733210064000062],[37.572253925000041,55.733222949000051],[37.572076180000067,55.733255028000038],[37.572064086000076,55.733257281000085],[37.572210063000092,55.73352188700003],[37.572397999000081,55.733490970000069],[37.572379787000045,55.733455592000055],[37.572753578000111,55.733388099000052],[37.572810431000015,55.733487314000044],[37.572842848000079,55.733543161000071],[37.572867124,55.733586529000029],[37.572784538000064,55.733602655000027],[37.572775595000032,55.733586762000058],[37.572750293000084,55.733591358000091],[37.572760035000094,55.733608328000045],[37.57280266900009,55.733680067000051],[37.572827104000019,55.733723434000055],[37.57279878500001,55.733731444000057],[37.572768404000016,55.733743947000058],[37.572736124000038,55.733762199000104],[37.572721976,55.733772536000046],[37.572701791,55.733789613000035],[37.572697663000092,55.733795364000052],[37.572691795000019,55.73380677400008],[37.572653287000023,55.733814880000068],[37.572699916000055,55.733894611000025],[37.572712647000088,55.73389244800007],[37.572726173000063,55.733890015000014],[37.572740336000088,55.733887671000041],[37.572758655000065,55.733894666],[37.572774742000078,55.733900225000063],[37.572809143000057,55.733909366000034],[37.572837488000083,55.733915098000097],[37.572871878000107,55.733918401],[37.572912151,55.733918377000073],[37.572940638000041,55.733914947000045],[37.57295069900006,55.733932096000025],[37.573017599000025,55.734041544000043],[37.573039879000071,55.734038208000058],[37.573116739000049,55.734024330000054],[37.573183668000063,55.734148777000058],[37.573199805000037,55.734180563000074],[37.57283206400006,55.734252634],[37.57292131300003,55.734395212000017],[37.573126110000068,55.734355481000101],[37.57314111600008,55.734378555000063],[37.573209065000079,55.734366390000034],[37.573230611,55.734396196000048],[37.573250897,55.734433818000049],[37.573260936000018,55.734439470000034],[37.573281166000122,55.734446284000065],[37.573303458000041,55.734449774],[37.573333862000062,55.734449756000018],[37.573366166000056,55.734443988000088],[37.57338636100009,55.734432570000088],[37.573400510000042,55.734422412000058],[37.573408445000041,55.734409833000022]]]]}},
{"type":"Feature","properties":{"r_year_int":1917.0,"r_name":"Караульня Сетунской башни","r_adress":"Новодевичий проезд, дом 1, строение 26","r_style":null,"r_url":null,"isApartmentBuilding":null,"livingQuarters":null,"r_floors":2.0,"city":"old moscow","r_architect":"","r_photo_url":"","r_years_str":"1917","r_mkrf":null,"r_wikipedia":"","r_wikidata":null,"r_cw_url":null,"r_copyrights":null,"city_russian":"Москва (старая)","city_english":"Moscow (main)","area_python":1858.0882126739946,"area_qgis":590.7108002200257},"geometry":{"type":"MultiPolygon","coordinates":[[[[37.553441232000054,55.726178532000077],[37.553318530000048,55.72606361900008],[37.553299405000061,55.72604431700006],[37.553091800000018,55.726108625000037],[37.553059160000011,55.726097861000035],[37.553052779000026,55.726087176000085],[37.553020927000034,55.726070932000042],[37.552982727,55.726067446000044],[37.552943741999989,55.72607285200008],[37.55291829,55.726081754000035],[37.552908753000025,55.726090740000068],[37.552899216000064,55.726099726000044],[37.552895100000093,55.726115985000042],[37.552898461000019,55.726130264000055],[37.552914395000052,55.726144628000043],[37.552934304000033,55.726155488000074],[37.552969327000078,55.726162568000063],[37.553017863000029,55.726159045000017],[37.553043315000032,55.726149962000065],[37.553085473000088,55.726137010000045],[37.553110961000087,55.726155322000061],[37.553464410000068,55.726370282000055],[37.553594212000036,55.726322174000074],[37.553483301000064,55.726218034000084],[37.553441232000054,55.726178532000077]]]]}},
{"type":"Feature","properties":{"r_year_int":1961.0,"r_name":"Многоквартирный жилой дом","r_adress":"Большая Пироговская улица, дом 35А, строение 1","r_style":null,"r_url":null,"isApartmentBuilding":1.0,"livingQuarters":30.0,"r_floors":6.0,"city":"old moscow","r_architect":"","r_photo_url":"","r_years_str":"1961","r_mkrf":null,"r_wikipedia":"","r_wikidata":null,"r_cw_url":null,"r_copyrights":null,"city_russian":"Москва (старая)","city_english":"Moscow (main)","area_python":1263.1803216495134,"area_qgis":401.51802324131131},"geometry":{"type":"MultiPolygon","coordinates":[[[[37.565937457000068,55.729301286000059],[37.565981968000116,55.729268479000027],[37.565853750000031,55.729214657000057],[37.565796524000035,55.729257800000028],[37.56577900300001,55.72925026500004],[37.565624504,55.729184241000048],[37.565487001000108,55.729288502000017],[37.565784056000055,55.729416334000057],[37.565937457000068,55.729301286000059]]]]}},
{"type":"Feature","properties":{"r_year_int":null,"r_name":"","r_adress":null,"r_style":null,"r_url":null,"isApartmentBuilding":null,"livingQuarters":null,"r_floors":0.0,"city":"old moscow","r_architect":"","r_photo_url":"","r_years_str":"","r_mkrf":null,"r_wikipedia":"","r_wikidata":null,"r_cw_url":null,"r_copyrights":null,"city_russian":"Москва (старая)","city_english":"Moscow (main)","area_python":1855.7632359451459,"area_qgis":588.61847328022122},"geometry":{"type":"MultiPolygon","coordinates":[[[[37.563024899000027,55.771146800000068],[37.5622261,55.771073201000071],[37.562196200000038,55.771175900000038],[37.562995,55.771249500000039],[37.563024899000027,55.771146800000068]]]]}},
{"type":"Feature","properties":{"r_year_int":1925.0,"r_name":"Многоквартирный жилой дом","r_adress":"Малая Пироговская улица, дом 11","r_style":null,"r_url":null,"isApartmentBuilding":1.0,"livingQuarters":34.0,"r_floors":4.0,"city":"old moscow","r_architect":"","r_photo_url":"","r_years_str":"1925","r_mkrf":null,"r_wikipedia":"","r_wikidata":null,"r_cw_url":null,"r_copyrights":null,"city_russian":"Москва (старая)","city_english":"Moscow (main)","area_python":2041.4318594253657,"area_qgis":648.88440645858645},"geometry":{"type":"MultiPolygon","coordinates":[[[[37.571618804000067,55.729731042000047],[37.571642654000108,55.729717556000068],[37.571116074000038,55.729420565000026],[37.570960252000077,55.729508675000041],[37.571486036000096,55.729805667000051],[37.571618804000067,55.729731042000047]]]]}},
{"type":"Feature","properties":{"r_year_int":1917.0,"r_name":"Административно-офисное здание","r_adress":"Большая Пироговская улица, дом 27, строение 2","r_style":null,"r_url":null,"isApartmentBuilding":null,"livingQuarters":null,"r_floors":3.0,"city":"old moscow","r_architect":"","r_photo_url":"","r_years_str":"1917","r_mkrf":null,"r_wikipedia":"","r_wikidata":null,"r_cw_url":null,"r_copyrights":null,"city_russian":"Москва (старая)","city_english":"Moscow (main)","area_python":12931.257505575732,"area_qgis":4110.4077480947599},"geometry":{"type":"MultiPolygon","coordinates":[[[[37.568663280000045,55.729381086000032],[37.56884603100012,55.729216618000102],[37.56889142000005,55.72923231100004],[37.56893512000007,55.729192318000102],[37.568890369,55.729177523000054],[37.56895171000005,55.729122700000055],[37.569007330000069,55.729072820000034],[37.569046263000125,55.729037321000085],[37.569122541000027,55.72896910700009],[37.56911608300004,55.728916927000064],[37.568588773000052,55.728640583000107],[37.568157843000023,55.728410530000062],[37.568143504000012,55.728401915000042],[37.567916924000038,55.728531826000015],[37.567929670000055,55.728539005000044],[37.568210067000045,55.728697288000035],[37.56818383500007,55.728714098000061],[37.56858514100005,55.728930785000038],[37.568605066000011,55.729039094000029],[37.56832825000005,55.729295855000025],[37.568367587000054,55.729309306000076],[37.568278113000062,55.729387137000046],[37.568131918000105,55.729523741],[37.567927718000099,55.729712919000036],[37.568105293000031,55.72977398600009],[37.568152275000067,55.729790038000047],[37.568244647000036,55.72982232100005],[37.568393879000027,55.729692901000071],[37.568337180000107,55.72967173600005],[37.568594151000035,55.729442739000042],[37.568641826,55.729399959000027],[37.568663280000045,55.729381086000032]]]]}},
{"type":"Feature","properties":{"r_year_int":1967.0,"r_name":"","r_adress":"Кантемировская улица, дом 27, корпус 2, строение 2","r_style":null,"r_url":null,"isApartmentBuilding":null,"livingQuarters":null,"r_floors":1.0,"city":"old moscow","r_architect":"","r_photo_url":"","r_years_str":"1967","r_mkrf":null,"r_wikipedia":"","r_wikidata":null,"r_cw_url":null,"r_copyrights":null,"city_russian":"Москва (старая)","city_english":"Moscow (main)","area_python":203.64151663711499,"area_qgis":65.039789146452677},"geometry":{"type":"MultiPolygon","coordinates":[[[[37.665651795,55.635571900000059],[37.665794023000025,55.63556191800005],[37.665782206000038,55.635508312000113],[37.665639978000101,55.635518294000065],[37.665640790000047,55.635522604000052],[37.665607931000118,55.635524894000078],[37.665617013000073,55.635569971000038],[37.665650825000043,55.635567949000027],[37.665651795,55.635571900000059]]]]}},
{"type":"Feature","properties":{"r_year_int":null,"r_name":"","r_adress":null,"r_style":null,"r_url":null,"isApartmentBuilding":null,"livingQuarters":null,"r_floors":1.0,"city":"old moscow","r_architect":"","r_photo_url":"","r_years_str":"","r_mkrf":null,"r_wikipedia":"","r_wikidata":null,"r_cw_url":null,"r_copyrights":null,"city_russian":"Москва (старая)","city_english":"Moscow (main)","area_python":1202.2140510755985,"area_qgis":380.58454372733831},"geometry":{"type":"MultiPolygon","coordinates":[[[[37.543412301000053,55.808995100000068],[37.543201099,55.80890049900006],[37.543139500000038,55.80894399900005],[37.543255800000047,55.808996100000066],[37.542894399000069,55.809250800000036],[37.542989200000093,55.809293300000071],[37.543412301000053,55.808995100000068]]]]}},
{"type":"Feature","properties":{"r_year_int":1929.0,"r_name":"Многоквартирный жилой дом","r_adress":"улица Доватора, дом 7/8","r_style":null,"r_url":null,"isApartmentBuilding":1.0,"livingQuarters":30.0,"r_floors":5.0,"city":"old moscow","r_architect":"","r_photo_url":"","r_years_str":"1929","r_mkrf":null,"r_wikipedia":"","r_wikidata":null,"r_cw_url":null,"r_copyrights":null,"city_russian":"Москва (старая)","city_english":"Moscow (main)","area_python":1842.2311413358766,"area_qgis":585.7422290686518},"geometry":{"type":"MultiPolygon","coordinates":[[[[37.569251231000031,55.723865520000054],[37.569323555000011,55.723816978000038],[37.569331503000079,55.723812034000062],[37.569200896000012,55.723749235000085],[37.569095986000015,55.723819351],[37.569051389000023,55.723797820000073],[37.569073640000028,55.723781641000045],[37.568674682000093,55.723604923000025],[37.568569781000036,55.72368042800008],[37.56913757800001,55.723941480000072],[37.569228977000108,55.723880353],[37.569251231000031,55.723865520000054]]]]}},
{"type":"Feature","properties":{"r_year_int":1956.0,"r_name":"Стрелочный пост","r_adress":"улица Шаболовка, дом 9, строение 8","r_style":null,"r_url":null,"isApartmentBuilding":null,"livingQuarters":null,"r_floors":1.0,"city":"old moscow","r_architect":"","r_photo_url":"","r_years_str":"1956","r_mkrf":null,"r_wikipedia":"","r_wikidata":null,"r_cw_url":null,"r_copyrights":null,"city_russian":"Москва (старая)","city_english":"Moscow (main)","area_python":46.437366889118891,"area_qgis":14.763550848700106},"geometry":{"type":"MultiPolygon","coordinates":[[[[37.61164206800003,55.725500910000036],[37.611617660000036,55.725480274000077],[37.611543419,55.725508993000076],[37.61155155300002,55.725515093000034],[37.611565276000078,55.725527655000029],[37.611605182000091,55.725513607000011],[37.61164206800003,55.725500910000036]]]]}},
{"type":"Feature","properties":{"r_year_int":1929.0,"r_name":"Многоквартирный жилой дом","r_adress":"улица Доватора, дом 11, корпус 2","r_style":null,"r_url":null,"isApartmentBuilding":1.0,"livingQuarters":30.0,"r_floors":1.0,"city":"old moscow","r_architect":"","r_photo_url":"","r_years_str":"1929","r_mkrf":null,"r_wikipedia":"","r_wikidata":null,"r_cw_url":null,"r_copyrights":null,"city_russian":"Москва (старая)","city_english":"Moscow (main)","area_python":2171.3271942257475,"area_qgis":690.41098960954696},"geometry":{"type":"MultiPolygon","coordinates":[[[[37.567986215000083,55.723038645000052],[37.568017210000015,55.723016982000033],[37.568043488000015,55.723029093],[37.568253299000091,55.722883473000117],[37.568278779000039,55.722894237000034],[37.568297851000054,55.722879856000091],[37.568275553000014,55.722869090000103],[37.568359,55.722811561000071],[37.568384481000066,55.722822325000045],[37.568403556000106,55.722809829000056],[37.568374889000033,55.722797181000047],[37.568588668000103,55.722647517000048],[37.568572742000114,55.722640340000062],[37.568615659000059,55.722611574999988],[37.568510543000095,55.722562233000083],[37.568467626000057,55.722590999000047],[37.568454088000109,55.722584719000068],[37.567953251000034,55.722933577000042],[37.567919168000074,55.722917788000061],[37.567872279000021,55.722950597000064],[37.567906521000076,55.722966296000052],[37.567875526000059,55.722987959000058],[37.567986215000083,55.723038645000052]]]]}},
{"type":"Feature","properties":{"r_year_int":null,"r_name":"","r_adress":"улица Пресненский Вал, дом 21, строение 2","r_style":null,"r_url":null,"isApartmentBuilding":null,"livingQuarters":null,"r_floors":0.0,"city":"old moscow","r_architect":"","r_photo_url":"","r_years_str":"","r_mkrf":null,"r_wikipedia":"","r_wikidata":null,"r_cw_url":null,"r_copyrights":null,"city_russian":"Москва (старая)","city_english":"Moscow (main)","area_python":342.33587977300004,"area_qgis":108.58273633569479},"geometry":{"type":"MultiPolygon","coordinates":[[[[37.56646140000003,55.77131520000006],[37.566222101000093,55.771227],[37.566169201000029,55.771272500000045],[37.566408500000044,55.771360600000037],[37.56646140000003,55.77131520000006]]]]}},
{"type":"Feature","properties":{"r_year_int":1926.0,"r_name":"Многоквартирный жилой дом","r_adress":"улица Доватора, дом 6/6, корпус 8","r_style":null,"r_url":null,"isApartmentBuilding":1.0,"livingQuarters":54.0,"r_floors":5.0,"city":"old moscow","r_architect":"","r_photo_url":"","r_years_str":"1926","r_mkrf":null,"r_wikipedia":"","r_wikidata":null,"r_cw_url":null,"r_copyrights":null,"city_russian":"Москва (старая)","city_english":"Moscow (main)","area_python":3040.6983056974386,"area_qgis":966.78187279356644},"geometry":{"type":"MultiPolygon","coordinates":[[[[37.568717111000048,55.724207574000033],[37.568850631000046,55.724115886000021],[37.56795156400004,55.723707715000046],[37.567894978,55.72374726500005],[37.567833942000092,55.723790411000031],[37.567925999000053,55.723832575000095],[37.567918527000103,55.723837249000056],[37.567911692000095,55.72384174400004],[37.567904857,55.723846329000075],[37.56789929300006,55.723850104000029],[37.567948664000063,55.723871184000068],[37.568012371000059,55.723900339000075],[37.568031446000099,55.723887305000055],[37.568205046000081,55.72396580000003],[37.56819837000009,55.72397029400009],[37.56819248900004,55.723974160000054],[37.568185971000055,55.723978565],[37.568179454000067,55.723983059000027],[37.568225799000054,55.724002614000042],[37.568283134000104,55.724027731000042],[37.568321362000063,55.724047470000045],[37.568347591000126,55.724030390000081],[37.568529157000071,55.724112472000066],[37.568500545000084,55.724132248000025],[37.568561067000061,55.724159159000045],[37.568596106,55.724175307000024],[37.56861836300002,55.72416227100004],[37.568717111000048,55.724207574000033]]]]}},
{"type":"Feature","properties":{"r_year_int":1926.0,"r_name":"Многоквартирный жилой дом","r_adress":"Кооперативная улица, дом 4, корпус 11","r_style":null,"r_url":null,"isApartmentBuilding":1.0,"livingQuarters":48.0,"r_floors":6.0,"city":"old moscow","r_architect":"","r_photo_url":"","r_years_str":"1926","r_mkrf":null,"r_wikipedia":"","r_wikidata":null,"r_cw_url":null,"r_copyrights":null,"city_russian":"Москва (старая)","city_english":"Moscow (main)","area_python":2274.3701449795194,"area_qgis":723.11426828801632},"geometry":{"type":"MultiPolygon","coordinates":[[[[37.567614062000054,55.724562513000066],[37.567556724000085,55.724535599000028],[37.567531292000076,55.724553576000091],[37.567301936000078,55.724444124000037],[37.567321009000111,55.724429743000051],[37.567273225000079,55.724405967000052],[37.56724381500004,55.724424396000053],[37.567106837000033,55.724357556000029],[37.566960597000062,55.724458680000069],[37.567588896000096,55.724735425000105],[37.567725603000028,55.724643287000035],[37.567588627000127,55.724578694000066],[37.567614062000054,55.724562513000066]]]]}},
{"type":"Feature","properties":{"r_year_int":1908.0,"r_name":"","r_adress":"Народная улица, дом 22/13","r_style":null,"r_url":null,"isApartmentBuilding":null,"livingQuarters":null,"r_floors":2.0,"city":"old moscow","r_architect":"","r_photo_url":"","r_years_str":"1908","r_mkrf":null,"r_wikipedia":"","r_wikidata":null,"r_cw_url":null,"r_copyrights":null,"city_russian":"Москва (старая)","city_english":"Moscow (main)","area_python":1301.1696244200575,"area_qgis":413.43637366034091},"geometry":{"type":"MultiPolygon","coordinates":[[[[37.649209439000103,55.736773143000015],[37.649012368000101,55.736591551000053],[37.648793290000043,55.736668251],[37.648960215000038,55.736817505000019],[37.649003818000068,55.736856515000049],[37.649012449000026,55.73686423700007],[37.649226918000096,55.736789249000083],[37.649209439000103,55.736773143000015]]]]}},
{"type":"Feature","properties":{"r_year_int":1896.0,"r_name":"Контора с насосной станцией, 1896 г., 1911 г., архитектор Н.П.Басин","r_adress":"Раушская набережная, дом 10, строение 2","r_style":null,"r_url":null,"isApartmentBuilding":null,"livingQuarters":null,"r_floors":3.0,"city":"old moscow","r_architect":"","r_photo_url":"http://okn-mk.mkrf.ru/maps/show/id/2520448","r_years_str":"1896 г., 1911 г.","r_mkrf":null,"r_wikipedia":"","r_wikidata":null,"r_cw_url":null,"r_copyrights":null,"city_russian":"Москва (старая)","city_english":"Moscow (main)","area_python":1904.7822912359736,"area_qgis":604.87543830927461},"geometry":{"type":"MultiPolygon","coordinates":[[[[37.63153365600003,55.748260837000011],[37.631434467000048,55.748123972],[37.63137318400009,55.74813122300003],[37.631319858000047,55.748137118000031],[37.631313403999989,55.748111976000118],[37.631209126,55.748119272000082],[37.63120187600007,55.748094131000094],[37.631131774000018,55.748083428000037],[37.630990582000052,55.748099475000089],[37.630998151,55.748124886000056],[37.631075253000105,55.748324198],[37.631157228000035,55.748313871000057],[37.631476371000119,55.748273473],[37.63153365600003,55.748260837000011]]]]}},
{"type":"Feature","properties":{"r_year_int":1970.0,"r_name":"Многоквартирный жилой дом","r_adress":"Пуговишников переулок, дом 4","r_style":null,"r_url":null,"isApartmentBuilding":null,"livingQuarters":null,"r_floors":12.0,"city":"old moscow","r_architect":"","r_photo_url":"","r_years_str":"1970","r_mkrf":null,"r_wikipedia":"","r_wikidata":null,"r_cw_url":null,"r_copyrights":null,"city_russian":"Москва (старая)","city_english":"Moscow (main)","area_python":1308.5497668297821,"area_qgis":415.86204866250046},"geometry":{"type":"MultiPolygon","coordinates":[[[[37.586817491000012,55.733019470000038],[37.586823976000026,55.732928750000028],[37.586825825000048,55.73290135400002],[37.5868303130001,55.732843239000019],[37.586489176,55.732835395000052],[37.586483765000054,55.732908151000082],[37.586504299000104,55.732908137000052],[37.586501198000107,55.732945413000039],[37.586481300000095,55.732945247000011],[37.586476193000088,55.733011626000092],[37.586817491000012,55.733019470000038]]]]}},
{"type":"Feature","properties":{"r_year_int":1926.0,"r_name":"Многоквартирный жилой дом","r_adress":"Пуговишников переулок, дом 15","r_style":null,"r_url":null,"isApartmentBuilding":null,"livingQuarters":null,"r_floors":5.0,"city":"old moscow","r_architect":"","r_photo_url":"","r_years_str":"1926","r_mkrf":null,"r_wikipedia":"","r_wikidata":null,"r_cw_url":null,"r_copyrights":null,"city_russian":"Москва (старая)","city_english":"Moscow (main)","area_python":2079.6294962015945,"area_qgis":660.96052476763725},"geometry":{"type":"MultiPolygon","coordinates":[[[[37.584418429000024,55.731355921000024],[37.584213161000079,55.731311692000048],[37.584062413000069,55.731752618000016],[37.584274320000105,55.73177438900008],[37.584418429000024,55.731355921000024]]]]}},
{"type":"Feature","properties":{"r_year_int":1926.0,"r_name":"Многоквартирный жилой дом","r_adress":"Пуговишников переулок, дом 16","r_style":null,"r_url":null,"isApartmentBuilding":null,"livingQuarters":null,"r_floors":5.0,"city":"old moscow","r_architect":"","r_photo_url":"","r_years_str":"1926","r_mkrf":null,"r_wikipedia":"","r_wikidata":null,"r_cw_url":null,"r_copyrights":null,"city_russian":"Москва (старая)","city_english":"Moscow (main)","area_python":2243.1590234783707,"area_qgis":712.91170510649681},"geometry":{"type":"MultiPolygon","coordinates":[[[[37.584211983000074,55.731950653000055],[37.583995612000017,55.731926011000034],[37.583840866000024,55.73236011300002],[37.583991063000042,55.732404291000073],[37.584045217000011,55.732419883000034],[37.584076389000124,55.732332918000083],[37.584083351000082,55.732313513000044],[37.58414173400007,55.7321489280001],[37.584151703000039,55.732121257000038],[37.584211983000074,55.731950653000055]]]]}},
{"type":"Feature","properties":{"r_year_int":1926.0,"r_name":"Многоквартирный жилой дом","r_adress":"Кооперативная улица, дом 3, корпус 6","r_style":null,"r_url":null,"isApartmentBuilding":1.0,"livingQuarters":42.0,"r_floors":6.0,"city":"old moscow","r_architect":"","r_photo_url":"","r_years_str":"1926","r_mkrf":null,"r_wikipedia":"","r_wikidata":null,"r_cw_url":null,"r_copyrights":null,"city_russian":"Москва (старая)","city_english":"Moscow (main)","area_python":2138.9016521588724,"area_qgis":680.02072985842824},"geometry":{"type":"MultiPolygon","coordinates":[[[[37.569669294000036,55.725391732000084],[37.570109595000076,55.725089248000053],[37.570185893,55.725037110000073],[37.570029797000046,55.724963099000014],[37.569914557000033,55.725042204000012],[37.569879516000093,55.725026057000022],[37.569831829000066,55.725058418000046],[37.569866870000098,55.725074565000078],[37.569676131000051,55.725208052000013],[37.569641090000111,55.725191905000045],[37.56960294200006,55.725218871000017],[37.569631614000066,55.72523322600005],[37.569510016000081,55.725318172000073],[37.569669294000036,55.725391732000084]]]]}},
{"type":"Feature","properties":{"r_year_int":1926.0,"r_name":"Многоквартирный жилой дом","r_adress":"Усачёва улица, дом 19А, корпус 3","r_style":null,"r_url":null,"isApartmentBuilding":1.0,"livingQuarters":64.0,"r_floors":5.0,"city":"old moscow","r_architect":"","r_photo_url":"","r_years_str":"1926","r_mkrf":null,"r_wikipedia":"","r_wikidata":null,"r_cw_url":null,"r_copyrights":null,"city_russian":"Москва (старая)","city_english":"Moscow (main)","area_python":3239.1113763151197,"area_qgis":1029.7883305652067},"geometry":{"type":"MultiPolygon","coordinates":[[[[37.569067377000039,55.725652990000079],[37.569006694000031,55.725626079000051],[37.568987781000033,55.725640460000086],[37.568786135000032,55.725547342],[37.568761606000024,55.725536039000097],[37.568783862000053,55.725521566000083],[37.568726521000073,55.725494652000066],[37.568703470000081,55.725509126000055],[37.56849418200008,55.72541340700009],[37.568470928000075,55.725402732000049],[37.568490001000086,55.725388350000074],[37.568442219000083,55.725366821000065],[37.568423146000057,55.725381292000066],[37.568273428000083,55.72531257400005],[37.56813990900001,55.725408304000027],[37.568290903000076,55.72547782900007],[37.568342667000067,55.725501692000087],[37.568555779000043,55.725599744000064],[37.568567406000042,55.725605037000022],[37.568636532000042,55.725636883000064],[37.568851557000059,55.725735832000062],[37.568917339000038,55.725766064000034],[37.569044602000062,55.725824554000013],[37.569182098000098,55.725728822000065],[37.569068852000044,55.725677240000017],[37.569048306000106,55.72566791],[37.569067377000039,55.725652990000079]]]]}},
{"type":"Feature","properties":{"r_year_int":1966.0,"r_name":"Многоквартирный жилой дом","r_adress":"3-я Фрунзенская улица, дом 26","r_style":null,"r_url":null,"isApartmentBuilding":1.0,"livingQuarters":180.0,"r_floors":9.0,"city":"old moscow","r_architect":"","r_photo_url":"","r_years_str":"1966","r_mkrf":null,"r_wikipedia":"","r_wikidata":null,"r_cw_url":null,"r_copyrights":null,"city_russian":"Москва (старая)","city_english":"Moscow (main)","area_python":3425.076169605903,"area_qgis":1088.952189207077},"geometry":{"type":"MultiPolygon","coordinates":[[[[37.572829650000067,55.72435602000008],[37.572683115000103,55.724289642000024],[37.571762083000053,55.724950788000051],[37.571903046000045,55.725015374000058],[37.571953907000037,55.724979417999982],[37.572018277000019,55.724933573000023],[37.572157348000069,55.724834244000085],[37.572211388000049,55.72479604000003],[37.572359201000026,55.724691765000038],[37.572394167000063,55.724666596000041],[37.572547540000059,55.724556929000101],[37.572582506000096,55.724532208000021],[37.572729521000021,55.724427484000053],[37.572787532000106,55.724386134000049],[37.572829650000067,55.72435602000008]]]]}},
{"type":"Feature","properties":{"r_year_int":1959.0,"r_name":"Многоквартирный жилой дом","r_adress":"улица Ефремова, дом 13","r_style":null,"r_url":null,"isApartmentBuilding":null,"livingQuarters":null,"r_floors":5.0,"city":"old moscow","r_architect":"","r_photo_url":"","r_years_str":"1959","r_mkrf":null,"r_wikipedia":"","r_wikidata":null,"r_cw_url":null,"r_copyrights":null,"city_russian":"Москва (старая)","city_english":"Moscow (main)","area_python":3984.8371547244615,"area_qgis":1266.9521656706929},"geometry":{"type":"MultiPolygon","coordinates":[[[[37.573997550000101,55.724241348000056],[37.573821387000073,55.72416106700004],[37.57369043500006,55.724258237000093],[37.574831695000022,55.724781995000022],[37.574969014000068,55.724686256000069],[37.57467115300004,55.724549465000045],[37.574052343000112,55.724266464000017],[37.573997550000101,55.724241348000056]]]]}},
{"type":"Feature","properties":{"r_year_int":1960.0,"r_name":"Многоквартирный жилой дом","r_adress":"Комсомольский проспект, дом 36","r_style":null,"r_url":null,"isApartmentBuilding":1.0,"livingQuarters":118.0,"r_floors":8.0,"city":"old moscow","r_architect":"","r_photo_url":"","r_years_str":"1960","r_mkrf":null,"r_wikipedia":"","r_wikidata":null,"r_cw_url":null,"r_copyrights":null,"city_russian":"Москва (старая)","city_english":"Moscow (main)","area_python":5088.5102280851388,"area_qgis":1617.9144397377968},"geometry":{"type":"MultiPolygon","coordinates":[[[[37.576721031000055,55.724108103000056],[37.576677202000084,55.724075346000078],[37.576639750000062,55.724047526000071],[37.57633056400006,55.723816438000028],[37.576284347000033,55.723782336000077],[37.576090709,55.723637400000015],[37.5760395510001,55.723599259000075],[37.575720015000101,55.723360990000032],[37.575678738000114,55.723330029000053],[37.575643518000071,55.723304003000045],[37.575614260000101,55.723316147000084],[37.575461459000024,55.723384950000067],[37.575500662000053,55.723413668000042],[37.57554448800002,55.723445976000086],[37.576459912000118,55.724126228000017],[37.576499914000095,55.724155394000043],[37.576542945000035,55.724187252000021],[37.576721031000055,55.724108103000056]]]]}},
{"type":"Feature","properties":{"r_year_int":1880.0,"r_name":"Филиал Московского педагогического государственного университета (МПГУ)","r_adress":"улица Россолимо, дом 5/22, строение 1","r_style":null,"r_url":null,"isApartmentBuilding":null,"livingQuarters":null,"r_floors":3.0,"city":"old moscow","r_architect":"","r_photo_url":"","r_years_str":"1880","r_mkrf":null,"r_wikipedia":"","r_wikidata":null,"r_cw_url":null,"r_copyrights":null,"city_russian":"Москва (старая)","city_english":"Moscow (main)","area_python":1541.5920331864631,"area_qgis":489.84432614967227},"geometry":{"type":"MultiPolygon","coordinates":[[[[37.583688347000091,55.736158411000083],[37.583865868000039,55.736243257000091],[37.583899491000054,55.736259042000029],[37.583978339000055,55.736206715000051],[37.583944397000018,55.736190661000052],[37.584193494000047,55.73602406000002],[37.584012311000038,55.735938947000079],[37.583688347000091,55.736158411000083]]]]}},
{"type":"Feature","properties":{"r_year_int":1909.0,"r_name":"","r_adress":"улица Шаболовка, дом 16, строение 3","r_style":null,"r_url":null,"isApartmentBuilding":null,"livingQuarters":null,"r_floors":2.0,"city":"old moscow","r_architect":"","r_photo_url":"","r_years_str":"1909","r_mkrf":null,"r_wikipedia":"","r_wikidata":null,"r_cw_url":null,"r_copyrights":null,"city_russian":"Москва (старая)","city_english":"Moscow (main)","area_python":1545.4253533742724,"area_qgis":491.40200913324952},"geometry":{"type":"MultiPolygon","coordinates":[[[[37.610152847000101,55.722583900000053],[37.610082694,55.72242319],[37.610004279000087,55.72243691200002],[37.609978829000084,55.722441425000035],[37.609935561000071,55.722447302000063],[37.609944525000017,55.722466066000024],[37.609976818000057,55.722461906000021],[37.609987235000091,55.722487943000026],[37.609620119000027,55.722549167000068],[37.609608440000052,55.722527082000077],[37.609566285,55.72253277800008],[37.609631103000048,55.722664303000045],[37.610070929000074,55.72259744600008],[37.610152847000101,55.722583900000053]]]]}},
{"type":"Feature","properties":{"r_year_int":1962.0,"r_name":"Административно-офисное здание","r_adress":"Комсомольский проспект, дом 42, строение 1","r_style":"Функционализм","r_url":null,"isApartmentBuilding":null,"livingQuarters":null,"r_floors":8.0,"city":"old moscow","r_architect":"","r_photo_url":"","r_years_str":"1962","r_mkrf":null,"r_wikipedia":"","r_wikidata":null,"r_cw_url":null,"r_copyrights":null,"city_russian":"Москва (старая)","city_english":"Moscow (main)","area_python":3174.3003694735439,"area_qgis":1009.4027333129197},"geometry":{"type":"MultiPolygon","coordinates":[[[[37.573379885000101,55.721581323000059],[37.57353014800006,55.72151881100006],[37.573487124000074,55.721487400000029],[37.573497459000095,55.721482993000038],[37.573506840000078,55.721478856000026],[37.573517334000023,55.721474359000084],[37.573459169000039,55.721430383000033],[37.573448515000074,55.721434790000039],[37.573438498000066,55.721438928000062],[37.573428003000032,55.72144342500011],[37.573284745000052,55.721337076000047],[37.573320519000021,55.72132043900006],[37.573279088000042,55.721289926],[37.573240924000103,55.721304768000067],[37.5732281760001,55.721295345000037],[37.573170809000082,55.721252716],[37.573153282000128,55.721240152000043],[37.573189853000052,55.721224412000062],[37.573140453000093,55.721187616000087],[37.573103883000087,55.721203356000046],[37.572973056000109,55.721106430000098],[37.572981801000047,55.721102383000051],[37.572990864000083,55.721098605000087],[37.57299945,55.721094918000098],[37.573008196000053,55.721091140000077],[37.572956407000035,55.721052549000063],[37.572947661000093,55.721056147000098],[37.572938916000062,55.721059745000062],[37.572929852000108,55.721063703000013],[37.572921266,55.721067390000023],[37.572883341000072,55.721039479000069],[37.572725928000104,55.721107474000078],[37.572692698,55.721122673000089],[37.572850929000033,55.721238534000044],[37.572923435000043,55.721292831000021],[37.572978412000083,55.721334114000044],[37.573031794,55.721373602000014],[37.573089959000086,55.721417579000047],[37.573099652000046,55.721410028000051],[37.573324361000076,55.721503215000027],[37.573262876000086,55.721556693000068],[37.573326457000057,55.721603360000067],[37.573379885000101,55.721581323000059]]]]}},
{"type":"Feature","properties":{"r_year_int":1917.0,"r_name":"Клуб","r_adress":"Комсомольский проспект, дом 18, строение 2","r_style":null,"r_url":null,"isApartmentBuilding":null,"livingQuarters":null,"r_floors":1.0,"city":"old moscow","r_architect":"","r_photo_url":"","r_years_str":"1917","r_mkrf":null,"r_wikipedia":"","r_wikidata":null,"r_cw_url":null,"r_copyrights":null,"city_russian":"Москва (старая)","city_english":"Moscow (main)","area_python":2512.1168261262951,"area_qgis":798.46285339258611},"geometry":{"type":"MultiPolygon","coordinates":[[[[37.586961403000011,55.730437120000047],[37.586416278000101,55.730232720000068],[37.586397531000038,55.73024872000007],[37.58624517300003,55.730377984000043],[37.586790458000046,55.730582385000076],[37.586961403000011,55.730437120000047]]]]}},
{"type":"Feature","properties":{"r_year_int":1926.0,"r_name":"Многоквартирный жилой дом","r_adress":"Комсомольский проспект, дом 14/1, корпус 1","r_style":null,"r_url":null,"isApartmentBuilding":1.0,"livingQuarters":62.0,"r_floors":5.0,"city":"old moscow","r_architect":"","r_photo_url":"","r_years_str":"1926","r_mkrf":null,"r_wikipedia":"","r_wikidata":null,"r_cw_url":null,"r_copyrights":null,"city_russian":"Москва (старая)","city_english":"Moscow (main)","area_python":3383.6442174609547,"area_qgis":1075.4374530054629},"geometry":{"type":"MultiPolygon","coordinates":[[[[37.589454934000038,55.731133937000052],[37.588976539000029,55.730956085000081],[37.588942607000043,55.730943266000075],[37.588776134000042,55.730881501000042],[37.588676844000062,55.730966540000061],[37.588567080000118,55.730923956000041],[37.588419325000054,55.731045495000032],[37.588316537000047,55.731132781000056],[37.588501492000056,55.731202257000056],[37.588604438000061,55.731114880000057],[37.588727401,55.731010694000098],[37.588820594000033,55.731045206000061],[37.589335471000034,55.731236684000038],[37.589454934000038,55.731133937000052]]]]}},
{"type":"Feature","properties":{"r_year_int":1927.0,"r_name":"Многоквартирный жилой дом","r_adress":"Комсомольский проспект, дом 14/1, корпус 3","r_style":null,"r_url":null,"isApartmentBuilding":1.0,"livingQuarters":60.0,"r_floors":5.0,"city":"old moscow","r_architect":"","r_photo_url":"","r_years_str":"1927","r_mkrf":null,"r_wikipedia":"","r_wikidata":null,"r_cw_url":null,"r_copyrights":null,"city_russian":"Москва (старая)","city_english":"Moscow (main)","area_python":3396.5847304779986,"area_qgis":1079.5276376605034},"geometry":{"type":"MultiPolygon","coordinates":[[[[37.589764315000025,55.731599954000032],[37.588775972000022,55.731232238000054],[37.588649357000079,55.731341008000051],[37.58963674700005,55.731708995000091],[37.589764315000025,55.731599954000032]]]]}},
{"type":"Feature","properties":{"r_year_int":1966.0,"r_name":"Многоквартирный жилой дом","r_adress":"Несвижский переулок, дом 4","r_style":null,"r_url":null,"isApartmentBuilding":1.0,"livingQuarters":50.0,"r_floors":11.0,"city":"old moscow","r_architect":"","r_photo_url":"","r_years_str":"1966","r_mkrf":null,"r_wikipedia":"","r_wikidata":null,"r_cw_url":null,"r_copyrights":null,"city_russian":"Москва (старая)","city_english":"Moscow (main)","area_python":1208.3992261187136,"area_qgis":384.06129113957286},"geometry":{"type":"MultiPolygon","coordinates":[[[[37.58622928000009,55.731621876000084],[37.586237811000032,55.731592230000018],[37.586304996000052,55.73159847000003],[37.58645671900004,55.731612645000034],[37.586472199000056,55.731558744000033],[37.586414567000091,55.731553305000041],[37.586426574000036,55.73151225000008],[37.586467012000043,55.731515904000076],[37.586478071000052,55.731478263000014],[37.586437633000045,55.731474609000045],[37.586448688000125,55.73143526100008],[37.586355235000056,55.731426794000065],[37.586346069000093,55.731456799000043],[37.58609245500007,55.731433265000099],[37.586075390000069,55.73149031100008],[37.586153719000038,55.731497621000038],[37.586120069000074,55.731613689000014],[37.58622928000009,55.731621876000084]]]]}},
{"type":"Feature","properties":{"r_year_int":1968.0,"r_name":"Многоквартирный жилой дом","r_adress":"Несвижский переулок, дом 6","r_style":null,"r_url":null,"isApartmentBuilding":1.0,"livingQuarters":40.0,"r_floors":10.0,"city":"old moscow","r_architect":"","r_photo_url":"","r_years_str":"1968","r_mkrf":null,"r_wikipedia":"","r_wikidata":null,"r_cw_url":null,"r_copyrights":null,"city_russian":"Москва (старая)","city_english":"Moscow (main)","area_python":1650.449237642488,"area_qgis":524.56620236602612},"geometry":{"type":"MultiPolygon","coordinates":[[[[37.585437117000048,55.731275822000065],[37.585452073000098,55.73119955600005],[37.585409568000067,55.731196712000028],[37.585414449000019,55.73117218800008],[37.585439919000116,55.73117360700008],[37.585460855000029,55.731065812000054],[37.585353240000046,55.731059150000085],[37.585326496000057,55.73105737300002],[37.585320985000095,55.73108531000009],[37.585270840000057,55.731082201000071],[37.585275410000037,55.731061090000082],[37.585081355000078,55.731049279000061],[37.585066245000043,55.731128238000046],[37.585120848,55.731131614000056],[37.585114868000041,55.731163234000029],[37.585077458000036,55.731161014000023],[37.58507304900008,55.731183292000068],[37.585058095000051,55.73126027600005],[37.585207578000031,55.731269603000079],[37.585212144000067,55.731246786000042],[37.585258628000062,55.731249539000032],[37.585255477000032,55.731264451000044],[37.585437117000048,55.731275822000065]]]]}},
{"type":"Feature","properties":{"r_year_int":1965.0,"r_name":"Многоквартирный жилой дом","r_adress":"Несвижский переулок, дом 8","r_style":null,"r_url":null,"isApartmentBuilding":1.0,"livingQuarters":44.0,"r_floors":11.0,"city":"old moscow","r_architect":"","r_photo_url":"","r_years_str":"1965","r_mkrf":null,"r_wikipedia":"","r_wikidata":null,"r_cw_url":null,"r_copyrights":null,"city_russian":"Москва (старая)","city_english":"Moscow (main)","area_python":1112.8076754078534,"area_qgis":353.69390831980854},"geometry":{"type":"MultiPolygon","coordinates":[[[[37.583649641000093,55.730839456000062],[37.583659752000088,55.73080379200006],[37.583699074000023,55.730807178000049],[37.583864483000077,55.730821616000071],[37.583876486000101,55.730778047000079],[37.583835572000069,55.730774572000037],[37.583848051000118,55.730729834000044],[37.583854526000081,55.730705849000046],[37.583868583000061,55.730654823000066],[37.583772587000048,55.730646625000105],[37.583764532000025,55.730676270000082],[37.583511883000021,55.730654166000107],[37.583496246,55.730710942000044],[37.583570592000072,55.730717448000036],[37.583539474000112,55.73082983100003],[37.583649641000093,55.730839456000062]]]]}},
{"type":"Feature","properties":{"r_year_int":null,"r_name":"","r_adress":null,"r_style":null,"r_url":null,"isApartmentBuilding":null,"livingQuarters":null,"r_floors":1.0,"city":"old moscow","r_architect":"","r_photo_url":"","r_years_str":"","r_mkrf":null,"r_wikipedia":"","r_wikidata":null,"r_cw_url":null,"r_copyrights":null,"city_russian":"Москва (старая)","city_english":"Moscow (main)","area_python":276.63239815507933,"area_qgis":87.377045046538115},"geometry":{"type":"MultiPolygon","coordinates":[[[[37.452638600000064,55.852869600000055],[37.452544100000061,55.852858600000062],[37.452497199000049,55.852985800000035],[37.452591600000041,55.852996800000014],[37.452638600000064,55.852869600000055]]]]}},
{"type":"Feature","properties":{"r_year_int":1963.0,"r_name":"Многоквартирный жилой дом","r_adress":"Оболенский переулок, дом 5","r_style":null,"r_url":null,"isApartmentBuilding":null,"livingQuarters":null,"r_floors":9.0,"city":"old moscow","r_architect":"","r_photo_url":"","r_years_str":"1963","r_mkrf":null,"r_wikipedia":"","r_wikidata":null,"r_cw_url":null,"r_copyrights":null,"city_russian":"Москва (старая)","city_english":"Moscow (main)","area_python":2860.133918833832,"area_qgis":908.98122279345989},"geometry":{"type":"MultiPolygon","coordinates":[[[[37.584026477000073,55.732439835],[37.583972958000061,55.732423345000015],[37.58387908800006,55.73251843500006],[37.584899145000058,55.732836230000039],[37.584960295000037,55.73277430400001],[37.584997460000075,55.732736375000044],[37.584619323,55.732620861],[37.584403336000065,55.732554813000029],[37.584358737000066,55.732541192000014],[37.584144344000066,55.732475681000032],[37.584026477000073,55.732439835]]]]}},
{"type":"Feature","properties":{"r_year_int":1997.0,"r_name":"Многоквартирный жилой дом","r_adress":"Ксеньинский переулок, дом 3","r_style":null,"r_url":null,"isApartmentBuilding":1.0,"livingQuarters":19.0,"r_floors":9.0,"city":"old moscow","r_architect":"","r_photo_url":"","r_years_str":"1997","r_mkrf":null,"r_wikipedia":"","r_wikidata":null,"r_cw_url":null,"r_copyrights":null,"city_russian":"Москва (старая)","city_english":"Moscow (main)","area_python":4461.1491816895104,"area_qgis":1417.8766240347177},"geometry":{"type":"MultiPolygon","coordinates":[[[[37.587880879000053,55.731628435000054],[37.58793663800008,55.731578636000059],[37.587983322000092,55.731599261000056],[37.588032098000063,55.731559257000058],[37.588067306000049,55.731572884000016],[37.588377078000029,55.731299259000068],[37.588422518000108,55.73126204200009],[37.588179571000104,55.731168896000042],[37.588137154000023,55.731205302000063],[37.588086011,55.731183513000047],[37.587604546000044,55.731553634000065],[37.587628128000027,55.731564485000064],[37.587489704000056,55.731661496000086],[37.587639001000085,55.73172902200006],[37.587797493000046,55.731637655000029],[37.587880879000053,55.731628435000054]]]]}},
{"type":"Feature","properties":{"r_year_int":1965.0,"r_name":"Многоквартирный жилой дом","r_adress":"Комсомольский проспект, дом 15, строение 2","r_style":null,"r_url":null,"isApartmentBuilding":null,"livingQuarters":null,"r_floors":9.0,"city":"old moscow","r_architect":"","r_photo_url":"","r_years_str":"1965","r_mkrf":null,"r_wikipedia":"","r_wikidata":null,"r_cw_url":null,"r_copyrights":null,"city_russian":"Москва (старая)","city_english":"Moscow (main)","area_python":4343.5967450148992,"area_qgis":1380.6455145590007},"geometry":{"type":"MultiPolygon","coordinates":[[[[37.58781428500005,55.729679086000019],[37.58796360400008,55.729546589000051],[37.587994030000026,55.729557974000052],[37.588052488000088,55.729506647000044],[37.588026200000037,55.729495259000046],[37.588094821000048,55.729433595000089],[37.588125087999984,55.729444980000054],[37.588169564000054,55.729405069000023],[37.588141207000049,55.729393683000062],[37.588209830000089,55.72933309700008],[37.588246143000084,55.729343400000047],[37.588278389,55.729314815000052],[37.588243982000087,55.729302355000044],[37.588314671000049,55.729240690000061],[37.58815075800009,55.72918143800004],[37.587650528000083,55.729618666000093],[37.587581708000052,55.72959141000009],[37.58746876500004,55.729691816000084],[37.587949989000066,55.729863744000056],[37.588132699000042,55.729929],[37.588205610000102,55.729863561000052],[37.588245178000086,55.729834971000052],[37.587889154000081,55.729706337000017],[37.58781428500005,55.729679086000019]]]]}},
{"type":"Feature","properties":{"r_year_int":1908.0,"r_name":"Московский государственный университет информационных технологий, радиотехники и электроники — корпус «А» МИТХТ","r_adress":"Малая Пироговская улица, дом 1, строение 5","r_style":null,"r_url":null,"isApartmentBuilding":null,"livingQuarters":null,"r_floors":4.0,"city":"old moscow","r_architect":"","r_photo_url":"","r_years_str":"1908","r_mkrf":null,"r_wikipedia":"","r_wikidata":null,"r_cw_url":null,"r_copyrights":null,"city_russian":"Москва (старая)","city_english":"Moscow (main)","area_python":10879.37416641975,"area_qgis":3457.7392076877877},"geometry":{"type":"MultiPolygon","coordinates":[[[[37.575267430000025,55.731762247000056],[37.575432961000011,55.731674304000094],[37.575402524000033,55.731656090000072],[37.575331766000026,55.731611674000085],[37.575234550000083,55.731548950000061],[37.575166661,55.731506418000023],[37.575215639000092,55.731481419000055],[37.575081454000014,55.731396983000074],[37.57503311500006,55.731422790000067],[37.574937178000056,55.731362760000067],[37.574982815000041,55.731338572],[37.574937239000064,55.731311295000047],[37.574892557000041,55.731334764000025],[37.574785308000017,55.731268634000102],[37.574542974000039,55.731397668000056],[37.574453889000019,55.731340688000039],[37.574332457000068,55.731265494000091],[37.574281940000034,55.731233640000028],[37.57423939100007,55.731207349000037],[37.574017250000026,55.73132496300007],[37.574320828000062,55.731513038000053],[37.574432220000062,55.731581412000104],[37.574492802000051,55.731548233000083],[37.574632400000013,55.731633744000064],[37.574600122000057,55.731652086000054],[37.574751028000072,55.731740465000016],[37.574779651000021,55.731725718000028],[37.574929929000042,55.731818318000087],[37.574863298000054,55.731851501000051],[37.574968477000027,55.731916375000097],[37.575274138000076,55.732106692000066],[37.575502325000024,55.731986826000067],[37.575476026000096,55.73196860900007],[37.575415306000011,55.731929935000025],[37.575301999000047,55.731860306000073],[37.575295944000104,55.73185689700005],[37.575362414000075,55.731822636000082],[37.575267430000025,55.731762247000056]]]]}},
{"type":"Feature","properties":{"r_year_int":1978.0,"r_name":"Многоквартирный жилой дом","r_adress":"улица Россолимо, дом 6/25","r_style":null,"r_url":null,"isApartmentBuilding":1.0,"livingQuarters":67.0,"r_floors":14.0,"city":"old moscow","r_architect":"","r_photo_url":"","r_years_str":"1978","r_mkrf":null,"r_wikipedia":"","r_wikidata":null,"r_cw_url":null,"r_copyrights":null,"city_russian":"Москва (старая)","city_english":"Moscow (main)","area_python":1419.9088287149157,"area_qgis":451.17176106013358},"geometry":{"type":"MultiPolygon","coordinates":[[[[37.582416457000043,55.73656335400004],[37.582624373000073,55.73641636400005],[37.582492277000028,55.736356814000018],[37.582431567000086,55.736329550000065],[37.582355242000034,55.736295111000068],[37.582145259000086,55.736443539],[37.582292492000093,55.736509816000073],[37.582309183000092,55.736498129000026],[37.582345514000096,55.736514631000041],[37.582330890000037,55.736524970000048],[37.582416457000043,55.73656335400004]]]]}},
{"type":"Feature","properties":{"r_year_int":1870.0,"r_name":"","r_adress":"улица Шаболовка, дом 13, строение 9","r_style":null,"r_url":null,"isApartmentBuilding":null,"livingQuarters":null,"r_floors":0.0,"city":"old moscow","r_architect":"","r_photo_url":"","r_years_str":"1870","r_mkrf":null,"r_wikipedia":"","r_wikidata":null,"r_cw_url":null,"r_copyrights":null,"city_russian":"Москва (старая)","city_english":"Moscow (main)","area_python":1207.6466181519213,"area_qgis":383.95317897573113},"geometry":{"type":"MultiPolygon","coordinates":[[[[37.613642323000057,55.724921735000052],[37.613624583000032,55.724731248000076],[37.613599282000095,55.724732170000046],[37.613527674000053,55.724734841000057],[37.613332582000027,55.724742026000044],[37.613350303000061,55.724926585000055],[37.613453425000074,55.724924783000041],[37.613494801000066,55.724924116000096],[37.613642323000057,55.724921735000052]]]]}},
{"type":"Feature","properties":{"r_year_int":null,"r_name":"","r_adress":"2-й Нагатинский проезд, дом 2, строение 10","r_style":null,"r_url":null,"isApartmentBuilding":null,"livingQuarters":null,"r_floors":0.0,"city":"old moscow","r_architect":"","r_photo_url":"","r_years_str":"","r_mkrf":null,"r_wikipedia":"","r_wikidata":null,"r_cw_url":null,"r_copyrights":null,"city_russian":"Москва (старая)","city_english":"Moscow (main)","area_python":151.18017134331822,"area_qgis":48.183645442128181},"geometry":{"type":"MultiPolygon","coordinates":[[[[37.64238730000001,55.676643700000042],[37.642304901000031,55.676587600000047],[37.642232199000027,55.676621600000026],[37.642314701000039,55.67667770000002],[37.64238730000001,55.676643700000042]]]]}},
{"type":"Feature","properties":{"r_year_int":1917.0,"r_name":"Административно-офисное здание","r_adress":"Воронцовская улица, дом 5Б","r_style":null,"r_url":null,"isApartmentBuilding":null,"livingQuarters":null,"r_floors":2.0,"city":"old moscow","r_architect":"","r_photo_url":"","r_years_str":"1917","r_mkrf":null,"r_wikipedia":"","r_wikidata":null,"r_cw_url":null,"r_copyrights":null,"city_russian":"Москва (старая)","city_english":"Moscow (main)","area_python":945.03802340077971,"area_qgis":300.22097171470523},"geometry":{"type":"MultiPolygon","coordinates":[[[[37.655297571000077,55.740467218000028],[37.655506160000122,55.74051357000009],[37.655593807000031,55.740534118000014],[37.655671893000054,55.740552432000058],[37.655713062000082,55.740495795000093],[37.655751308000042,55.740504728000083],[37.655776642000042,55.740469667000035],[37.655738396000075,55.740460734000052],[37.655371848000101,55.74036823600003],[37.655297571000077,55.740467218000028]]]]}},
{"type":"Feature","properties":{"r_year_int":1917.0,"r_name":"Централизованное патологоанатомическое отделение (морг) Московской медицинской академии им. И. М. Сеченова","r_adress":"улица Россолимо, дом 12, строение 1","r_style":null,"r_url":null,"isApartmentBuilding":null,"livingQuarters":null,"r_floors":2.0,"city":"old moscow","r_architect":"","r_photo_url":"","r_years_str":"1917","r_mkrf":null,"r_wikipedia":"","r_wikidata":null,"r_cw_url":null,"r_copyrights":null,"city_russian":"Москва (старая)","city_english":"Moscow (main)","area_python":2090.7443507675057,"area_qgis":664.36889398749918},"geometry":{"type":"MultiPolygon","coordinates":[[[[37.580339606000074,55.735311953000057],[37.580577240000032,55.735139887000066],[37.580401657000039,55.735063029000088],[37.580350475000031,55.735100156000051],[37.580319404000107,55.735085806],[37.58029858400009,55.735102076000047],[37.580279463000032,55.735093287000055],[37.580092208000011,55.735224811000059],[37.580015093000043,55.735191539000041],[37.580046250000088,55.735169783000067],[37.580002751000087,55.735149782000086],[37.579924862000077,55.735205339000032],[37.579911828,55.735214779000017],[37.580082798,55.735294156000073],[37.580238145000038,55.735361777000023],[37.580272401000066,55.735376485000081],[37.580302833000125,55.735389848000061],[37.580383581,55.735331325000054],[37.580339606000074,55.735311953000057]]]]}},
{"type":"Feature","properties":{"r_year_int":1986.0,"r_name":"Дом причта","r_adress":"улица Тимура Фрунзе, дом 1/2, строение 2","r_style":null,"r_url":null,"isApartmentBuilding":null,"livingQuarters":null,"r_floors":1.0,"city":"old moscow","r_architect":"","r_photo_url":"","r_years_str":"1986","r_mkrf":null,"r_wikipedia":"","r_wikidata":null,"r_cw_url":null,"r_copyrights":null,"city_russian":"Москва (старая)","city_english":"Moscow (main)","area_python":433.03385767513618,"area_qgis":137.62349135056138},"geometry":{"type":"MultiPolygon","coordinates":[[[[37.591659262000036,55.732481554000039],[37.59167658300003,55.732469057000039],[37.591690764000042,55.732474885000038],[37.59178022800009,55.732409880000048],[37.591790904000057,55.732414543000054],[37.591851925000078,55.73237030700006],[37.591841249000026,55.732365555000072],[37.59173688200007,55.732320005000091],[37.59170573600008,55.732342572000071],[37.591684283000035,55.732357947000075],[37.591650118000068,55.73238285200005],[37.591635975000052,55.732393102000053],[37.591585601000048,55.732429605000021],[37.591647583000061,55.732456324000061],[37.591630263000063,55.732468912000051],[37.591659262000036,55.732481554000039]]]]}},
{"type":"Feature","properties":{"r_year_int":1917.0,"r_name":"Бывший «Странноприимный дом имени А. А. Ахлебаева» с домовой церковью Воскресения Словущего","r_adress":"улица Тимура Фрунзе, дом 3, строение 3","r_style":"Классицизм","r_url":null,"isApartmentBuilding":null,"livingQuarters":null,"r_floors":2.0,"city":"old moscow","r_architect":"","r_photo_url":"","r_years_str":"1917","r_mkrf":null,"r_wikipedia":"","r_wikidata":null,"r_cw_url":null,"r_copyrights":null,"city_russian":"Москва (старая)","city_english":"Moscow (main)","area_python":1308.5153401378475,"area_qgis":415.84834333136678},"geometry":{"type":"MultiPolygon","coordinates":[[[[37.590875830000037,55.733185314000089],[37.591079547000085,55.733034001000092],[37.590949209,55.732978141000025],[37.590974316000043,55.732959530000066],[37.59087377500007,55.732916402000036],[37.590848827000045,55.732934923000087],[37.590644471000047,55.733085967000115],[37.590744217000058,55.733128916000034],[37.590722605000018,55.73314491900004],[37.590775028000046,55.733167694000059],[37.590796798000014,55.733151421000038],[37.590875830000037,55.733185314000089]]]]}},
{"type":"Feature","properties":{"r_year_int":1971.0,"r_name":"","r_adress":"Кантемировская улица, дом 7, корпус 1, строение 3","r_style":null,"r_url":null,"isApartmentBuilding":null,"livingQuarters":null,"r_floors":1.0,"city":"old moscow","r_architect":"","r_photo_url":"","r_years_str":"1971","r_mkrf":null,"r_wikipedia":"","r_wikidata":null,"r_cw_url":null,"r_copyrights":null,"city_russian":"Москва (старая)","city_english":"Moscow (main)","area_python":162.74768904376558,"area_qgis":51.978746095097449},"geometry":{"type":"MultiPolygon","coordinates":[[[[37.672749916000086,55.635590232],[37.672749840000016,55.635589887000023],[37.672612057000016,55.635599422000034],[37.67262403900002,55.635652308000054],[37.672751053000077,55.635643758000022],[37.672761664000113,55.635643043000066],[37.672749916000086,55.635590232]]]]}},
{"type":"Feature","properties":{"r_year_int":1985.0,"r_name":"","r_adress":"Кантемировская улица, дом 31, корпус 3, строение 3","r_style":null,"r_url":null,"isApartmentBuilding":null,"livingQuarters":null,"r_floors":1.0,"city":"old moscow","r_architect":"","r_photo_url":"","r_years_str":"1985","r_mkrf":null,"r_wikipedia":"","r_wikidata":null,"r_cw_url":null,"r_copyrights":null,"city_russian":"Москва (старая)","city_english":"Moscow (main)","area_python":113.12927704747537,"area_qgis":36.133358637802303},"geometry":{"type":"MultiPolygon","coordinates":[[[[37.663721523,55.634633722000075],[37.663708921000037,55.634581464000085],[37.663612096000101,55.634588869000041],[37.663624698000071,55.634641126000083],[37.663721523,55.634633722000075]]]]}},
{"type":"Feature","properties":{"r_year_int":1917.0,"r_name":"Административно-офисное здание","r_adress":"улица Тимура Фрунзе, дом 11, строение 7","r_style":null,"r_url":null,"isApartmentBuilding":null,"livingQuarters":null,"r_floors":1.0,"city":"old moscow","r_architect":"","r_photo_url":"","r_years_str":"1917","r_mkrf":null,"r_wikipedia":"","r_wikidata":null,"r_cw_url":null,"r_copyrights":null,"city_russian":"Москва (старая)","city_english":"Moscow (main)","area_python":4782.8664873320122,"area_qgis":1519.8215766064823},"geometry":{"type":"MultiPolygon","coordinates":[[[[37.586677384000069,55.735675555000071],[37.586834519000014,55.735753855000041],[37.587460974000059,55.735343487000094],[37.587362329000058,55.735295235000088],[37.586991977000011,55.735115593000032],[37.586839060000038,55.735215757000027],[37.586896270000054,55.735243650000051],[37.586918047000047,55.735229354000097],[37.58717095100004,55.735352135],[37.587145995000071,55.735368410000028],[37.58711667200005,55.735354149000045],[37.58709775500003,55.735365839000018],[37.587049151000038,55.735342521000028],[37.587018791000041,55.73536311000003],[37.586993834000054,55.735379205000115],[37.586846431000069,55.735309611000062],[37.586766637000053,55.735363288000016],[37.586741777000057,55.735351270000073],[37.58670458200006,55.735376445000028],[37.586727848000045,55.735387476000014],[37.586681116000065,55.735419125000064],[37.586705184000024,55.735432580000037],[37.586674501000083,55.735451104000056],[37.586838797,55.735528860000016],[37.586874812000076,55.735546259000017],[37.586677384000069,55.735675555000071]]]]}},
{"type":"Feature","properties":{"r_year_int":1975.0,"r_name":"Многоквартирный жилой дом","r_adress":"Зубовский проезд, дом 3","r_style":null,"r_url":null,"isApartmentBuilding":null,"livingQuarters":null,"r_floors":12.0,"city":"old moscow","r_architect":"","r_photo_url":"","r_years_str":"1975","r_mkrf":null,"r_wikipedia":"","r_wikidata":null,"r_cw_url":null,"r_copyrights":null,"city_russian":"Москва (старая)","city_english":"Moscow (main)","area_python":1151.9487834093197,"area_qgis":366.03735584206879},"geometry":{"type":"MultiPolygon","coordinates":[[[[37.587972118000046,55.736049626000046],[37.587982723000046,55.736022224000102],[37.588096416000077,55.736035885],[37.588127307000079,55.736039546000036],[37.58814930300008,55.735980520000062],[37.588120003,55.735976859000083],[37.588130607000075,55.73594918700006],[37.588160196000054,55.735869049000058],[37.588052553000033,55.735855923],[37.588061575000062,55.735832564000063],[37.587955366000045,55.735819796000037],[37.587928307000055,55.735892298000067],[37.587900441000052,55.735888904000063],[37.587891898000059,55.735912802],[37.587810530000041,55.735903160000056],[37.587798979000098,55.735934604000079],[37.587789009000034,55.735961107000044],[37.587890601000048,55.73597325],[37.587866387000062,55.736037217000032],[37.587972118000046,55.736049626000046]]]]}},
{"type":"Feature","properties":{"r_year_int":1840.0,"r_name":"БЦ «Зубовский бульвар 27»","r_adress":"Зубовский бульвар, дом 27, строение 3","r_style":null,"r_url":null,"isApartmentBuilding":null,"livingQuarters":null,"r_floors":3.0,"city":"old moscow","r_architect":"","r_photo_url":"","r_years_str":"1840","r_mkrf":null,"r_wikipedia":"","r_wikidata":null,"r_cw_url":null,"r_copyrights":null,"city_russian":"Москва (старая)","city_english":"Moscow (main)","area_python":1812.407077146918,"area_qgis":575.88246408849955},"geometry":{"type":"MultiPolygon","coordinates":[[[[37.588131963000073,55.736553477],[37.587865183000112,55.736352566000058],[37.587729362000104,55.736410865000032],[37.587903975000053,55.736543580000045],[37.587996625000031,55.736614020000054],[37.588238048000072,55.736793752000047],[37.58837546000008,55.736735183000036],[37.588131963000073,55.736553477]]]]}},
{"type":"Feature","properties":{"r_year_int":1910.0,"r_name":"","r_adress":"Зубовский бульвар, дом 35, строение 2","r_style":null,"r_url":null,"isApartmentBuilding":null,"livingQuarters":null,"r_floors":1.0,"city":"old moscow","r_architect":"","r_photo_url":"","r_years_str":"1910","r_mkrf":null,"r_wikipedia":"","r_wikidata":null,"r_cw_url":null,"r_copyrights":null,"city_russian":"Москва (старая)","city_english":"Moscow (main)","area_python":714.47844886946734,"area_qgis":227.01184303499758},"geometry":{"type":"MultiPolygon","coordinates":[[[[37.586329327000044,55.737382866000075],[37.586394694,55.737426741000036],[37.586493860000054,55.737493047000044],[37.586545995000037,55.737527859000025],[37.586572779000022,55.737545804000028],[37.586659133000033,55.737504787000056],[37.586616406000061,55.737476345000069],[37.58665075100005,55.737457549000048],[37.586604034000068,55.737424708000034],[37.586566026000028,55.73744287800006],[37.586507833000013,55.737404118000022],[37.586549333000029,55.737381365000019],[37.586492731000099,55.737341436000087],[37.586461400000069,55.737355649000051],[37.586405119000069,55.737317157000064],[37.586372684000025,55.737335772000044],[37.586306050000111,55.737367434000063],[37.586329327000044,55.737382866000075]]]]}},
{"type":"Feature","properties":{"r_year_int":1850.0,"r_name":"Деревянный жилой дом XIX века","r_adress":"улица Тимура Фрунзе, дом 32","r_style":null,"r_url":null,"isApartmentBuilding":null,"livingQuarters":null,"r_floors":2.0,"city":"old moscow","r_architect":"","r_photo_url":"","r_years_str":"1850","r_mkrf":null,"r_wikipedia":"","r_wikidata":null,"r_cw_url":null,"r_copyrights":null,"city_russian":"Москва (старая)","city_english":"Moscow (main)","area_python":453.14743873619966,"area_qgis":143.98343553394079},"geometry":{"type":"MultiPolygon","coordinates":[[[[37.585540984000041,55.736871367000035],[37.585586139000078,55.73684555800002],[37.585623113000054,55.736864394000051],[37.585731386000077,55.736800729000024],[37.585603239000058,55.736730042000026],[37.585450449000028,55.736819965000045],[37.585540984000041,55.736871367000035]]]]}},
{"type":"Feature","properties":{"r_year_int":1836.0,"r_name":"","r_adress":"Дашков переулок, дом 7","r_style":null,"r_url":null,"isApartmentBuilding":null,"livingQuarters":null,"r_floors":2.0,"city":"old moscow","r_architect":"","r_photo_url":"","r_years_str":"1836","r_mkrf":null,"r_wikipedia":"","r_wikidata":null,"r_cw_url":null,"r_copyrights":null,"city_russian":"Москва (старая)","city_english":"Moscow (main)","area_python":1055.8540888054083,"area_qgis":335.48269740864635},"geometry":{"type":"MultiPolygon","coordinates":[[[[37.585217594000028,55.737061375000067],[37.585121323000102,55.737007461000083],[37.585066152000074,55.737039654000029],[37.585049895000083,55.73703113200002],[37.584876776000051,55.737144601000075],[37.585044139000075,55.737240141000022],[37.585289958000011,55.73710237100007],[37.585217594000028,55.737061375000067]]]]}},
{"type":"Feature","properties":{"r_year_int":1976.0,"r_name":"Многоквартирный жилой дом","r_adress":"улица Тимура Фрунзе, дом 30","r_style":null,"r_url":null,"isApartmentBuilding":1.0,"livingQuarters":60.0,"r_floors":12.0,"city":"old moscow","r_architect":"","r_photo_url":"","r_years_str":"1976","r_mkrf":null,"r_wikipedia":"","r_wikidata":null,"r_cw_url":null,"r_copyrights":null,"city_russian":"Москва (старая)","city_english":"Moscow (main)","area_python":1098.451670908571,"area_qgis":349.02435925323516},"geometry":{"type":"MultiPolygon","coordinates":[[[[37.586569791000102,55.736840022000095],[37.586581333000076,55.736804087000046],[37.58673292100007,55.736819609000086],[37.586749998000123,55.736767144000027],[37.586712101000053,55.736763218000064],[37.586716212000077,55.736750371000014],[37.586746729,55.736656491000062],[37.586646096000045,55.736646322000055],[37.586653683000087,55.736622067000042],[37.586549548000029,55.736611631000095],[37.586526462000066,55.736682603000069],[37.586493024000092,55.736679213000087],[37.586485595000063,55.73670355900002],[37.586406617000108,55.73669553100008],[37.586387644000091,55.736754823000091],[37.586491780000067,55.736765349000081],[37.586471227000104,55.736829762000092],[37.586569791000102,55.736840022000095]]]]}},
{"type":"Feature","properties":{"r_year_int":1962.0,"r_name":"Многоквартирный жилой дом","r_adress":"Комсомольский проспект, дом 17","r_style":null,"r_url":null,"isApartmentBuilding":null,"livingQuarters":null,"r_floors":5.0,"city":"old moscow","r_architect":"","r_photo_url":"","r_years_str":"1962","r_mkrf":null,"r_wikipedia":"","r_wikidata":null,"r_cw_url":null,"r_copyrights":null,"city_russian":"Москва (старая)","city_english":"Moscow (main)","area_python":2304.7226956193567,"area_qgis":732.57956174015999},"geometry":{"type":"MultiPolygon","coordinates":[[[[37.587351341000016,55.729638278000074],[37.587397726000098,55.729597199000061],[37.587448381000044,55.729615396000021],[37.58750079800005,55.7295674860001],[37.587452213000056,55.729549288000065],[37.586659241000078,55.729255516000052],[37.58665082,55.729262258000055],[37.58655024800008,55.72934343400005],[37.587351341000016,55.729638278000074]]]]}},
{"type":"Feature","properties":{"r_year_int":1861.0,"r_name":"","r_adress":"Комсомольский проспект, дом 17, корпус 10","r_style":null,"r_url":null,"isApartmentBuilding":null,"livingQuarters":null,"r_floors":0.0,"city":"old moscow","r_architect":"","r_photo_url":"","r_years_str":"1861","r_mkrf":null,"r_wikipedia":"","r_wikidata":null,"r_cw_url":null,"r_copyrights":null,"city_russian":"Москва (старая)","city_english":"Moscow (main)","area_python":1503.5809214753258,"area_qgis":477.94474521838129},"geometry":{"type":"MultiPolygon","coordinates":[[[[37.587619983000053,55.728626295000026],[37.58753723100007,55.728702789000074],[37.588178388000081,55.728939630000063],[37.588188710000047,55.728929383000064],[37.588259230000048,55.728863137000047],[37.587619983000053,55.728626295000026]]]]}},
{"type":"Feature","properties":{"r_year_int":1910.0,"r_name":"Многоквартирный жилой дом","r_adress":"Комсомольский проспект, дом 3","r_style":null,"r_url":null,"isApartmentBuilding":1.0,"livingQuarters":42.0,"r_floors":5.0,"city":"old moscow","r_architect":"","r_photo_url":"http://photos.wikimapia.org/p/00/02/31/71/52_full.jpeg","r_years_str":"1910","r_mkrf":null,"r_wikipedia":"","r_wikidata":null,"r_cw_url":null,"r_copyrights":null,"city_russian":"Москва (старая)","city_english":"Moscow (main)","area_python":5599.532913275063,"area_qgis":1779.5429339243565},"geometry":{"type":"MultiPolygon","coordinates":[[[[37.593488369000056,55.733285484000078],[37.593508578000069,55.733282415000104],[37.593517215000048,55.733300012000029],[37.593999172000025,55.733216385000041],[37.593940165000035,55.733103530000065],[37.593461401000049,55.733190567000051],[37.593470037000024,55.733207446000016],[37.593441713000075,55.73321195900008],[37.593381289000014,55.73310512200004],[37.593365622000128,55.733076841000056],[37.593354912000088,55.733057808000062],[37.593390867000075,55.733049518000051],[37.593365946000077,55.733012173000091],[37.593326479,55.733016154],[37.593236176000076,55.732861378000038],[37.593271496000035,55.732854255000028],[37.593280766000042,55.732870146000039],[37.593656584000037,55.732802049000043],[37.593645870000067,55.732781489000061],[37.593600616000039,55.732694850000051],[37.593219866000041,55.732763579000029],[37.59322179000003,55.732769326000046],[37.593194585000091,55.732775544000049],[37.593163126000015,55.732732814],[37.592946894000043,55.732771240000012],[37.593147324000043,55.733117245000081],[37.59316362700006,55.733145165000074],[37.59329804700004,55.73337661300009],[37.593491999000051,55.733339461000035],[37.593516343000019,55.733334862000049],[37.593488369000056,55.733285484000078]]]]}},
{"type":"Feature","properties":{"r_year_int":1965.0,"r_name":"Многоквартирный жилой дом","r_adress":"Комсомольский проспект, дом 15, строение 1","r_style":null,"r_url":null,"isApartmentBuilding":null,"livingQuarters":null,"r_floors":9.0,"city":"old moscow","r_architect":"","r_photo_url":"","r_years_str":"1965","r_mkrf":null,"r_wikipedia":"","r_wikidata":null,"r_cw_url":null,"r_copyrights":null,"city_russian":"Москва (старая)","city_english":"Moscow (main)","area_python":3036.2745029383796,"area_qgis":965.09436251036823},"geometry":{"type":"MultiPolygon","coordinates":[[[[37.588570878000063,55.729926082000105],[37.58904092300007,55.729516176000075],[37.588974176000086,55.729491166000045],[37.588889272000053,55.729460419000034],[37.588418256000097,55.729863409000068],[37.588390932000067,55.72988687100009],[37.588325144000073,55.729863476000062],[37.588210594000081,55.729956878000017],[37.588517555000045,55.730066415000032],[37.588655792000061,55.729960780000056],[37.588570878000063,55.729926082000105]]]]}},
{"type":"Feature","properties":{"r_year_int":2003.0,"r_name":"","r_adress":"Новолужнецкий проезд, дом 5, строение 41","r_style":null,"r_url":null,"isApartmentBuilding":null,"livingQuarters":null,"r_floors":0.0,"city":"old moscow","r_architect":"","r_photo_url":"","r_years_str":"2003","r_mkrf":null,"r_wikipedia":"","r_wikidata":null,"r_cw_url":null,"r_copyrights":null,"city_russian":"Москва (старая)","city_english":"Moscow (main)","area_python":750.87130647361244,"area_qgis":238.81434369087219},"geometry":{"type":"MultiPolygon","coordinates":[[[[37.566978237000086,55.717806609000036],[37.566707007000062,55.717657299000074],[37.566586512000093,55.717725626000039],[37.56682222600007,55.717855375000063],[37.566978237000086,55.717806609000036]]]]}}
]
}
